seed,step,fundamental,price_no_bloc,inventory_no_bloc,price_rl_bloc,inventory_rl_bloc
64,0,98.9569,100.0147,2399,99.8772,2462
64,1,98.2183,98.9372,2318,98.7626,2388
64,2,99.1937,98.0428,2231,97.8924,2286
64,3,96.9883,98.4517,2161,98.3303,2204
64,4,97.6232,98.5986,2119,98.4977,2155
64,5,97.5303,100.3831,2079,100.3562,2084
64,6,98.5807,99.6674,2039,99.5656,2076
64,7,98.5854,97.5994,1992,97.4400,2054
64,8,99.1886,98.5922,1953,98.5033,1987
64,9,99.8956,96.4765,1961,96.4200,1983
64,10,100.4894,97.5263,1935,97.5642,1919
64,11,101.2569,96.9308,1934,96.8998,1946
64,12,99.0015,97.8634,1891,97.6296,1988
64,13,99.5076,98.1146,1868,97.7467,2025
64,14,102.3459,95.8532,1872,95.4779,2039
64,15,103.9557,96.7493,1823,96.3664,1995
64,16,103.3420,95.8513,1839,95.5521,1983
64,17,103.3742,93.6657,1885,93.5755,1947
64,18,105.1761,92.2891,1877,92.3934,1860
64,19,107.0114,92.5260,1841,92.6222,1826
64,20,109.3462,93.2845,1758,93.2897,1777
64,21,108.4917,93.8942,1714,93.9488,1714
64,22,108.2230,94.0289,1682,94.4749,1552
64,23,106.4021,95.2579,1654,98.4736,960
64,24,105.8684,95.3329,1677,98.9675,959
64,25,105.6536,94.7175,1680,98.4004,949
64,26,104.1163,95.4266,1663,99.0879,931
64,27,104.5346,95.5433,1635,98.9842,944
64,28,107.1313,95.8626,1608,98.9223,986
64,29,105.0652,96.9376,1563,99.3252,1082
64,30,96.5276,98.5050,1547,100.5136,1125
64,31,96.5500,97.4005,1585,99.1466,1194
64,32,97.8606,97.8835,1593,98.9166,1387
64,33,99.0989,97.2502,1601,98.0689,1420
64,34,99.6727,96.6513,1592,97.3040,1448
64,35,99.0997,96.1892,1604,96.7813,1466
64,36,97.6794,95.9202,1613,96.3937,1506
64,37,99.8447,95.9729,1642,96.6991,1444
64,38,99.4892,95.8162,1723,96.8675,1418
64,39,99.2741,95.8265,1775,97.0304,1421
64,40,95.1359,96.3108,1789,97.5010,1436
64,41,96.2454,96.9488,1804,98.2513,1406
64,42,94.0745,98.0964,1811,99.5246,1372
64,43,95.7604,98.9814,1816,100.5307,1339
64,44,92.9888,98.0584,1829,99.6905,1322
64,45,92.4009,97.7649,1798,99.2669,1330
64,46,92.8221,97.2109,1764,98.5730,1330
64,47,91.2325,95.8162,1735,96.8839,1379
64,48,91.2326,95.1381,1725,95.9953,1415
64,49,91.9855,95.0394,1736,95.9130,1404
64,50,95.6433,94.5415,1761,95.4290,1415
64,51,95.6159,93.6747,1793,94.9387,1325
64,52,93.8846,93.4236,1729,94.9163,1227
64,53,92.7130,94.3401,1638,95.9186,1144
64,54,93.8195,93.5527,1632,95.1162,1139
64,55,92.2022,93.6282,1588,95.4159,1051
64,56,92.2015,93.3496,1560,95.3714,983
64,57,92.6105,93.2613,1558,95.6176,914
64,58,92.9749,94.2408,1559,97.0981,825
64,59,91.1911,94.4750,1537,100.0916,506
64,60,92.8639,94.1809,1503,99.2701,528
64,61,84.7159,93.0721,1515,101.5593,302
64,62,84.8785,92.0846,1465,99.0590,382
64,63,85.6145,93.0760,1342,98.4515,473
64,64,86.5573,93.4038,1349,97.7491,575
64,65,87.1788,92.2943,1308,95.0922,780
64,66,87.9071,91.8580,1285,95.8045,603
64,67,87.3592,92.8670,1248,96.9589,551
64,68,87.3761,91.6984,1249,97.0242,424
64,69,83.7278,91.5373,1184,98.0600,313
64,70,84.9381,91.3243,1170,98.8645,244
64,71,84.3476,91.4531,1141,99.0040,224
64,72,81.0400,90.6847,1128,99.2136,175
64,73,86.7749,91.9335,1089,100.5114,157
64,74,86.0120,91.4282,1103,100.4232,137
64,75,86.6139,91.1924,1115,99.1563,161
64,76,88.9711,91.0563,1151,98.0910,191
64,77,87.6037,90.3869,1218,97.4558,188
64,78,87.4031,89.8292,1263,96.8202,186
64,79,88.0199,89.5471,1301,95.5117,229
64,80,86.4887,90.6233,1284,99.2609,139
64,81,85.5914,90.7935,1272,99.6643,123
64,82,86.1017,89.2006,1230,98.0376,112
64,83,85.3128,89.2812,1151,100.5158,68
64,84,86.5099,89.1839,1122,100.5944,59
64,85,84.7915,88.7195,1105,103.6818,32
64,86,83.5172,88.0605,1090,102.3656,32
64,87,115.7087,89.2697,1057,260.1043,0
64,88,115.8256,91.0054,1046,242.4766,126
64,89,115.2749,91.1467,1062,228.2888,444
64,90,113.0928,92.5682,1058,222.0641,552
64,91,113.9448,93.6679,1063,214.7283,797
64,92,114.4309,94.9619,1076,209.2332,989
64,93,117.0438,95.4225,1164,203.0945,1295
64,94,116.6181,96.5078,1278,199.0114,1489
64,95,118.6307,97.7151,1393,195.7177,1622
64,96,118.9081,98.7395,1495,192.6637,1709
64,97,117.4576,99.5943,1589,189.6432,1786
64,98,119.1182,99.7382,1661,186.1301,1839
64,99,121.2407,101.0097,1730,183.9794,1872
64,100,122.3901,102.2508,1777,181.9736,1884
64,101,122.0567,103.1633,1822,179.6501,1921
64,102,122.3617,103.1297,1866,176.4894,1963
64,103,120.7231,103.0402,1882,173.5947,1943
64,104,119.6899,102.9235,1908,170.8275,1919
64,105,120.4285,103.0202,1922,168.4996,1861
64,106,118.5315,103.3240,1941,166.3472,1835
64,107,117.5437,103.9860,1922,164.5316,1814
64,108,117.3388,104.3773,1851,162.4022,1793
64,109,118.4848,103.4738,1841,159.3695,1744
64,110,115.9077,104.7620,1828,158.6263,1691
64,111,115.5411,104.1551,1825,156.0316,1653
64,112,113.2712,104.9791,1833,154.8296,1647
64,113,111.1851,105.9671,1865,153.8831,1653
64,114,110.1049,107.0234,1913,153.2363,1634
64,115,111.3604,106.6045,1928,151.1651,1600
64,116,111.8319,105.9050,1934,149.0212,1532
64,117,110.3202,105.5695,1937,147.0875,1507
64,118,107.3972,105.8812,1952,145.9014,1481
64,119,120.8278,107.3518,1984,145.8485,1482
64,120,119.2576,105.7225,1991,142.7401,1473
64,121,121.9072,109.4788,1959,144.9703,1465
64,122,121.2127,108.5632,1932,142.4174,1496
64,123,121.3258,108.0880,1850,140.1703,1538
64,124,120.8008,108.2070,1845,138.9572,1546
64,125,120.6577,108.1188,1847,137.7321,1526
64,126,120.3191,107.2203,1852,135.8731,1479
64,127,125.1195,107.0427,1866,134.7507,1443
64,128,124.1630,108.5888,1872,135.2546,1432
64,129,125.2149,110.4037,1911,136.2387,1404
64,130,123.8022,112.4163,1934,137.3138,1397
64,131,126.5125,111.9982,1974,136.0280,1393
64,132,125.9561,111.1613,1984,134.2805,1388
64,133,124.1578,111.7563,1977,133.8858,1398
64,134,124.2572,111.0200,1994,132.1751,1428
64,135,123.7527,111.1076,2011,131.3738,1448
64,136,124.1759,112.7527,2014,132.3090,1427
64,137,125.1033,114.0827,2001,132.9953,1389
64,138,126.1409,114.3245,1972,132.5411,1359
64,139,125.8085,116.1115,1933,133.6079,1334
64,140,125.3007,114.5992,1915,131.3771,1327
64,141,130.8357,115.1294,1852,131.0397,1329
64,142,131.2719,115.7996,1817,130.9341,1336
64,143,126.8338,115.5484,1788,129.8403,1368
64,144,126.0053,115.8534,1759,129.3572,1396
64,145,126.4833,116.1145,1749,128.8945,1431
64,146,125.1095,117.1408,1745,129.3284,1447
64,147,123.6206,116.5674,1770,128.3297,1451
64,148,121.1106,117.7698,1809,129.1994,1447
64,149,118.2069,117.6912,1844,128.8446,1430
64,150,118.5677,117.8057,1846,128.9574,1373
64,151,115.2244,117.3323,1854,128.3720,1354
64,152,115.8773,114.5968,1881,125.6385,1320
64,153,112.7875,113.9692,1867,124.6444,1295
64,154,111.2634,112.8155,1892,123.1268,1297
64,155,111.0622,113.2900,1907,123.2451,1294
64,156,112.5252,114.6418,1910,124.2394,1287
64,157,113.4111,115.1819,1938,124.5858,1293
64,158,112.0506,114.3368,1957,123.6051,1287
64,159,111.2186,114.4761,1975,123.5430,1297
64,160,111.0949,114.5589,1982,123.2648,1335
64,161,111.0156,115.5563,1973,123.8284,1377
64,162,110.6448,114.3980,1984,122.4703,1377
64,163,108.6189,114.3021,1974,122.1637,1375
64,164,106.3321,113.7165,1994,121.4231,1380
64,165,107.6259,112.9747,2035,120.4738,1414
64,166,108.2964,112.2007,2046,119.4831,1430
64,167,108.2617,112.0915,2012,119.0374,1447
64,168,111.2477,112.5446,1956,119.0577,1470
64,169,107.5209,113.5436,1907,119.6802,1481
64,170,108.5292,114.8045,1873,120.7138,1468
64,171,107.9409,112.8944,1846,118.6035,1439
64,172,108.1357,111.6692,1815,117.2370,1395
64,173,109.6577,111.8999,1799,117.3000,1370
64,174,108.5946,110.2701,1814,115.4822,1374
64,175,108.3535,110.5958,1725,115.3303,1373
64,176,108.8927,110.7664,1677,115.1961,1364
64,177,107.4891,110.5356,1650,114.8682,1324
64,178,106.9169,111.8876,1624,116.0898,1294
64,179,107.7393,111.9737,1638,116.1279,1277
64,180,106.0537,112.9210,1602,116.8366,1266
64,181,108.5392,112.0651,1581,115.8467,1245
64,182,106.1325,111.0049,1578,114.7437,1219
64,183,109.4655,109.8531,1574,113.5300,1197
64,184,110.6187,109.5033,1561,113.0444,1185
64,185,112.0518,108.1011,1537,111.3776,1194
64,186,111.5897,107.9708,1483,110.8349,1215
64,187,110.2064,106.2120,1442,108.6570,1252
64,188,106.3737,106.6220,1359,109.0569,1163
64,189,115.1286,109.7701,1291,111.9672,1135
64,190,116.4888,108.3128,1309,110.4615,1142
64,191,115.9676,109.6218,1302,112.6033,969
64,192,115.3541,110.1953,1314,113.0723,975
64,193,114.7438,115.3822,1303,118.3135,938
64,194,114.2695,114.7998,1367,117.9343,928
64,195,113.8762,113.5048,1416,116.7107,927
64,196,113.9459,112.2039,1461,115.3719,940
64,197,126.4050,110.6693,1445,113.6334,943
64,198,124.1342,110.8430,1380,113.3698,955
64,199,122.8396,110.7060,1337,112.9435,958
64,200,121.5672,109.2283,1293,111.0429,986
64,201,121.2257,108.7354,1240,110.6461,914
64,202,127.7848,108.9918,1261,111.1521,883
64,203,126.9742,109.5771,1276,112.1337,830
64,204,126.3042,109.1789,1327,111.9590,828
64,205,123.6339,109.9370,1354,112.8786,816
64,206,124.3349,110.7153,1410,113.7989,821
64,207,124.9546,110.9206,1431,114.1159,810
64,208,123.6656,110.9786,1456,114.0479,836
64,209,124.4055,110.8049,1481,113.7064,864
64,210,125.2780,111.9806,1494,114.5074,921
64,211,123.6025,112.1002,1521,114.3273,972
64,212,128.9961,111.9774,1498,114.0837,963
64,213,123.9211,112.6566,1449,114.6848,935
64,214,123.8319,113.4232,1407,115.6219,874
64,215,123.0577,113.3426,1391,115.5376,862
64,216,122.0962,112.8983,1398,115.1742,847
64,217,121.5737,113.6807,1402,115.9193,850
64,218,122.3387,113.3724,1438,115.5693,870
64,219,119.5800,113.3710,1476,115.4551,903
64,220,118.1952,113.8285,1516,115.7513,945
64,221,119.3388,113.2275,1531,115.0203,966
64,222,117.9391,112.6033,1584,114.2613,1014
64,223,116.8582,111.7723,1605,113.2047,1061
64,224,116.0683,112.4063,1625,113.6639,1097
64,225,116.2217,112.7982,1653,113.8900,1140
64,226,117.0538,112.7864,1650,113.7414,1157
64,227,117.2425,113.0056,1634,113.8964,1151
64,228,117.2441,114.2248,1589,114.8229,1175
64,229,115.6227,113.4525,1548,113.7984,1186
64,230,114.8127,114.1385,1499,114.2295,1193
64,231,114.4688,114.3330,1498,114.3621,1197
64,232,116.7445,113.8612,1475,113.8833,1178
64,233,118.3726,113.5006,1455,113.5550,1155
64,234,116.7552,113.6086,1435,113.5814,1157
64,235,115.0248,114.3655,1448,114.3427,1164
64,236,113.1323,114.7029,1436,114.4619,1202
64,237,111.8033,114.5584,1422,114.4937,1148
64,238,111.8230,115.0846,1403,115.5149,1045
64,239,113.9093,116.1176,1373,116.6711,998
64,240,111.6189,114.7922,1415,115.5342,990
64,241,109.8591,114.7399,1449,115.6267,982
64,242,108.1397,113.6499,1487,114.6703,977
64,243,106.0623,111.6908,1527,112.6230,1012
64,244,103.7700,111.9177,1522,112.5164,1067
64,245,88.7599,110.7224,1531,110.9696,1143
64,246,91.0507,110.3402,1496,110.2905,1179
64,247,79.6702,108.8651,1489,108.7436,1190
64,248,80.3479,107.2846,1439,107.0892,1167
64,249,80.0772,107.0238,1351,106.6738,1129
64,250,79.9087,107.1391,1300,106.8438,1078
64,251,82.5843,107.5560,1235,107.9487,910
64,252,80.7131,106.9756,1175,107.9916,775
64,253,83.4485,105.9180,1147,108.0638,620
64,254,83.2261,106.1546,1120,109.4548,491
64,255,85.7607,105.3076,1088,109.6696,391
64,256,84.3152,103.6852,1074,107.9593,380
64,257,82.4725,103.8546,1060,110.5241,252
64,258,86.0100,101.9721,1054,110.0044,192
64,259,85.3648,102.0028,1031,111.1743,148
64,260,86.9057,102.0450,1016,111.2058,137
64,261,88.8976,101.4711,1016,111.6988,108
64,262,87.1206,100.4370,1018,111.1976,92
64,263,85.6451,100.2245,1009,111.2366,81
64,264,84.9748,99.5378,1019,109.7318,88
64,265,82.2428,99.4000,1010,108.4208,102
64,266,83.8291,98.3372,994,106.7717,105
64,267,83.5425,99.6298,986,116.3617,39
64,268,84.7639,99.7434,1001,120.6652,21
64,269,87.0632,98.9212,1006,240.6604,0
64,270,87.7701,98.0862,1005,222.5994,145
64,271,90.3579,97.4536,1004,209.5178,481
64,272,90.2627,97.1724,1004,202.7327,602
64,273,91.0526,95.6653,1008,194.3316,832
64,274,90.3825,96.5776,1028,189.5643,1034
64,275,90.6346,96.8229,1061,184.3447,1305
64,276,90.1201,96.0886,1093,179.1730,1485
64,277,92.0133,96.3999,1102,175.5407,1608
64,278,89.6578,96.7877,1093,172.3302,1687
64,279,88.0761,96.8944,1056,169.0237,1735
64,280,84.7766,96.4693,1039,165.4100,1785
64,281,85.2961,96.9706,1028,162.9472,1821
64,282,82.7521,96.0471,1002,159.1537,1847
64,283,80.2542,94.7449,1021,155.4048,1849
64,284,85.1536,94.0611,1030,152.2309,1875
64,285,88.2265,94.4360,1041,151.0779,1885
64,286,90.2498,93.5933,1069,148.9157,1905
64,287,90.8611,92.9496,1091,147.0694,1902
64,288,90.4770,93.4047,1103,146.4082,1876
64,289,89.2971,93.0762,1136,145.2266,1813
64,290,89.9374,92.6485,1129,143.8225,1757
64,291,92.0693,92.5566,1139,142.7481,1720
64,292,92.3885,92.3011,1159,141.6148,1672
64,293,93.4000,92.0768,1164,140.5489,1611
64,294,94.8081,94.5142,1163,142.0941,1563
64,295,95.7785,94.6306,1173,141.3154,1529
64,296,95.6719,94.1148,1178,139.9005,1496
64,297,93.8777,93.8197,1176,138.6474,1474
64,298,93.8281,93.4838,1183,137.3434,1464
64,299,97.3476,93.9127,1169,136.7874,1444
