arm,stage,seed,excess_kurtosis,bloc_volume
none,fixed,1,1.387741,0
none,fixed,2,0.593349,0
none,fixed,3,1.341851,0
none,fixed,4,0.937685,0
none,fixed,5,0.581671,0
none,fixed,6,1.318587,0
none,fixed,7,1.860660,0
none,fixed,8,0.826172,0
none,fixed,9,1.639312,0
none,fixed,10,2.415758,0
none,fixed,11,1.370300,0
none,fixed,12,0.927660,0
none,fixed,13,0.815190,0
none,fixed,14,0.564138,0
none,fixed,15,2.097105,0
none,fixed,16,1.096016,0
none,fixed,17,1.253291,0
none,fixed,18,1.251391,0
none,fixed,19,1.612039,0
none,fixed,20,1.978730,0
none,fixed,21,1.188236,0
none,fixed,22,1.480296,0
none,fixed,23,1.482458,0
none,fixed,24,0.820940,0
none,fixed,25,1.746785,0
none,fixed,26,1.001326,0
none,fixed,27,1.328878,0
none,fixed,28,1.000702,0
none,fixed,29,2.388529,0
none,fixed,30,1.278537,0
none,fixed,31,1.115700,0
none,fixed,32,0.953648,0
none,fixed,33,1.124970,0
none,fixed,34,0.335420,0
none,fixed,35,2.356218,0
none,fixed,36,2.094952,0
none,fixed,37,1.069495,0
none,fixed,38,0.643663,0
none,fixed,39,1.162905,0
none,fixed,40,1.533369,0
none,fixed,41,1.715652,0
none,fixed,42,0.362706,0
none,fixed,43,0.885894,0
none,fixed,44,0.495737,0
none,fixed,45,2.026465,0
none,fixed,46,1.434853,0
none,fixed,47,0.738318,0
none,fixed,48,1.601958,0
none,fixed,49,0.939126,0
none,fixed,50,1.439159,0
none,fixed,51,0.625877,0
none,fixed,52,1.164465,0
none,fixed,53,0.894193,0
none,fixed,54,1.057238,0
none,fixed,55,3.595402,0
none,fixed,56,2.035560,0
none,fixed,57,0.645768,0
none,fixed,58,0.638642,0
none,fixed,59,1.445258,0
none,fixed,60,0.494536,0
none,fixed,61,1.368275,0
none,fixed,62,1.976293,0
none,fixed,63,1.367449,0
none,fixed,64,2.246841,0
none,fixed,65,2.477820,0
none,fixed,66,0.549634,0
none,fixed,67,0.578650,0
none,fixed,68,1.567123,0
none,fixed,69,0.670524,0
none,fixed,70,0.802321,0
none,fixed,71,0.676565,0
none,fixed,72,0.926555,0
none,fixed,73,1.463434,0
none,fixed,74,0.320315,0
none,fixed,75,2.200247,0
none,fixed,76,5.450650,0
none,fixed,77,1.578179,0
none,fixed,78,2.089541,0
none,fixed,79,1.012440,0
none,fixed,80,1.226838,0
none,fixed,81,1.169693,0
none,fixed,82,1.299767,0
none,fixed,83,0.616486,0
none,fixed,84,1.195374,0
none,fixed,85,1.540634,0
none,fixed,86,1.946689,0
none,fixed,87,0.547703,0
none,fixed,88,1.934123,0
none,fixed,89,1.872333,0
none,fixed,90,1.139860,0
none,fixed,91,2.306365,0
none,fixed,92,1.964177,0
none,fixed,93,1.548230,0
none,fixed,94,0.664573,0
none,fixed,95,0.280798,0
none,fixed,96,2.344814,0
none,fixed,97,0.528068,0
none,fixed,98,1.391868,0
none,fixed,99,0.644400,0
none,fixed,100,2.135717,0
none,fixed,101,2.531069,0
none,fixed,102,1.235834,0
none,fixed,103,1.110941,0
none,fixed,104,1.042462,0
none,fixed,105,2.456088,0
none,fixed,106,1.196817,0
none,fixed,107,0.649175,0
none,fixed,108,1.892777,0
none,fixed,109,1.128179,0
none,fixed,110,1.110717,0
none,fixed,111,1.251041,0
none,fixed,112,0.375303,0
none,fixed,113,0.895720,0
none,fixed,114,1.262738,0
none,fixed,115,0.904316,0
none,fixed,116,0.664829,0
none,fixed,117,1.157015,0
none,fixed,118,0.693067,0
none,fixed,119,0.772879,0
none,fixed,120,1.031460,0
none,fixed,121,1.709865,0
none,fixed,122,-0.180351,0
none,fixed,123,1.205340,0
none,fixed,124,3.537021,0
none,fixed,125,1.702069,0
none,fixed,126,0.743316,0
none,fixed,127,1.842265,0
none,fixed,128,0.514804,0
none,fixed,129,1.363572,0
none,fixed,130,0.934582,0
none,fixed,131,1.151405,0
none,fixed,132,0.653935,0
none,fixed,133,1.282744,0
none,fixed,134,0.530854,0
none,fixed,135,1.640007,0
none,fixed,136,1.030345,0
none,fixed,137,0.749192,0
none,fixed,138,0.581791,0
none,fixed,139,0.680501,0
none,fixed,140,1.234360,0
none,fixed,141,0.203785,0
none,fixed,142,1.235834,0
none,fixed,143,0.973937,0
none,fixed,144,1.845743,0
none,fixed,145,1.961288,0
none,fixed,146,1.468587,0
none,fixed,147,-0.244394,0
none,fixed,148,0.838698,0
none,fixed,149,1.713042,0
none,fixed,150,3.285214,0
none,fixed,151,2.199124,0
none,fixed,152,0.553648,0
none,fixed,153,1.033461,0
none,fixed,154,4.218575,0
none,fixed,155,0.932659,0
none,fixed,156,0.399366,0
none,fixed,157,1.279548,0
none,fixed,158,0.866468,0
none,fixed,159,0.216320,0
none,fixed,160,1.596804,0
none,fixed,161,0.748333,0
none,fixed,162,1.047368,0
none,fixed,163,1.198368,0
none,fixed,164,1.106904,0
none,fixed,165,1.071927,0
none,fixed,166,0.716867,0
none,fixed,167,0.736961,0
none,fixed,168,0.707563,0
none,fixed,169,2.253192,0
none,fixed,170,1.598688,0
none,fixed,171,1.850087,0
none,fixed,172,0.631799,0
none,fixed,173,1.859303,0
none,fixed,174,0.725841,0
none,fixed,175,2.951590,0
none,fixed,176,1.035079,0
none,fixed,177,0.742740,0
none,fixed,178,0.510274,0
none,fixed,179,1.093787,0
none,fixed,180,2.233088,0
none,fixed,181,3.494281,0
none,fixed,182,1.579791,0
none,fixed,183,0.739756,0
none,fixed,184,1.086825,0
none,fixed,185,1.554549,0
none,fixed,186,2.508216,0
none,fixed,187,0.310220,0
none,fixed,188,0.207679,0
none,fixed,189,1.418994,0
none,fixed,190,0.153973,0
none,fixed,191,0.852624,0
none,fixed,192,0.775516,0
none,fixed,193,1.079805,0
none,fixed,194,1.337256,0
none,fixed,195,1.486569,0
none,fixed,196,2.506357,0
none,fixed,197,1.238261,0
none,fixed,198,1.615716,0
none,fixed,199,0.379428,0
none,fixed,200,1.800309,0
none,fixed,201,1.604952,0
none,fixed,202,1.188240,0
none,fixed,203,1.884502,0
none,fixed,204,0.640763,0
none,fixed,205,2.694892,0
none,fixed,206,1.725420,0
none,fixed,207,1.104560,0
none,fixed,208,0.587184,0
none,fixed,209,1.409790,0
none,fixed,210,0.769772,0
none,fixed,211,0.622386,0
none,fixed,212,1.159409,0
none,fixed,213,1.846743,0
none,fixed,214,1.791218,0
none,fixed,215,3.288920,0
none,fixed,216,2.086516,0
none,fixed,217,1.524848,0
none,fixed,218,1.380644,0
none,fixed,219,0.822047,0
none,fixed,220,1.505927,0
none,fixed,221,0.707843,0
none,fixed,222,1.339564,0
none,fixed,223,2.638781,0
none,fixed,224,0.985879,0
none,fixed,225,1.479650,0
none,fixed,226,0.856557,0
none,fixed,227,0.023531,0
none,fixed,228,0.810610,0
none,fixed,229,0.743705,0
none,fixed,230,0.292972,0
none,fixed,231,1.576376,0
none,fixed,232,0.957179,0
none,fixed,233,0.554687,0
none,fixed,234,0.569251,0
none,fixed,235,0.541496,0
none,fixed,236,0.501117,0
none,fixed,237,1.130420,0
none,fixed,238,1.642288,0
none,fixed,239,-0.179103,0
none,fixed,240,0.828824,0
none,fixed,241,2.068093,0
none,fixed,242,0.529254,0
none,fixed,243,1.381770,0
none,fixed,244,0.870703,0
none,fixed,245,1.532311,0
none,fixed,246,0.629453,0
none,fixed,247,0.470535,0
none,fixed,248,1.359424,0
none,fixed,249,1.528265,0
none,fixed,250,1.712877,0
none,fixed,251,1.224607,0
none,fixed,252,2.654783,0
none,fixed,253,0.129124,0
none,fixed,254,0.925342,0
none,fixed,255,2.261942,0
none,fixed,256,1.777066,0
none,fixed,257,0.629798,0
none,fixed,258,1.769172,0
none,fixed,259,0.997414,0
none,fixed,260,0.866360,0
none,fixed,261,1.434828,0
none,fixed,262,2.023149,0
none,fixed,263,0.919398,0
none,fixed,264,1.761308,0
none,fixed,265,0.487913,0
none,fixed,266,0.934998,0
none,fixed,267,0.899455,0
none,fixed,268,1.859015,0
none,fixed,269,2.285444,0
none,fixed,270,1.211311,0
none,fixed,271,0.533227,0
none,fixed,272,0.023682,0
none,fixed,273,0.630153,0
none,fixed,274,1.505885,0
none,fixed,275,0.868925,0
none,fixed,276,0.972806,0
none,fixed,277,0.512082,0
none,fixed,278,2.610803,0
none,fixed,279,1.095834,0
none,fixed,280,0.706342,0
none,fixed,281,1.117403,0
none,fixed,282,5.340418,0
none,fixed,283,1.570331,0
none,fixed,284,1.139841,0
none,fixed,285,0.404359,0
none,fixed,286,2.228904,0
none,fixed,287,1.525283,0
none,fixed,288,1.428102,0
none,fixed,289,1.228799,0
none,fixed,290,0.759425,0
none,fixed,291,1.871643,0
none,fixed,292,1.692340,0
none,fixed,293,2.778755,0
none,fixed,294,2.309162,0
none,fixed,295,1.758268,0
none,fixed,296,1.586424,0
none,fixed,297,4.616186,0
none,fixed,298,1.244723,0
none,fixed,299,0.808596,0
none,fixed,300,1.165037,0
momentum,recorded_at_scaling,1,1.533335,29280
momentum,replayed_at_fixed,1,1.794459,29280.0
momentum,recorded_at_scaling,2,0.600699,24496
momentum,replayed_at_fixed,2,0.890974,24496.0
momentum,recorded_at_scaling,3,0.654728,26512
momentum,replayed_at_fixed,3,263.836652,25526.0
momentum,recorded_at_scaling,4,0.735335,24320
momentum,replayed_at_fixed,4,3.331327,24320.0
momentum,recorded_at_scaling,5,0.711620,28704
momentum,replayed_at_fixed,5,2.115640,28704.0
momentum,recorded_at_scaling,6,0.586211,25472
momentum,replayed_at_fixed,6,1.757205,25472.0
momentum,recorded_at_scaling,7,1.475605,27856
momentum,replayed_at_fixed,7,1.061018,27856.0
momentum,recorded_at_scaling,8,0.680562,28608
momentum,replayed_at_fixed,8,0.748351,28608.0
momentum,recorded_at_scaling,9,1.485786,25808
momentum,replayed_at_fixed,9,1.080162,25808.0
momentum,recorded_at_scaling,10,1.976913,31104
momentum,replayed_at_fixed,10,1.482158,31104.0
momentum,recorded_at_scaling,11,0.581656,31808
momentum,replayed_at_fixed,11,1.861594,31708.0
momentum,recorded_at_scaling,12,0.683997,30000
momentum,replayed_at_fixed,12,0.745862,30000.0
momentum,recorded_at_scaling,13,1.314147,26272
momentum,replayed_at_fixed,13,107.769970,24736.0
momentum,recorded_at_scaling,14,0.654284,29712
momentum,replayed_at_fixed,14,1.994547,29712.0
momentum,recorded_at_scaling,15,1.072937,31152
momentum,replayed_at_fixed,15,0.001840,31152.0
momentum,recorded_at_scaling,16,0.820524,26240
momentum,replayed_at_fixed,16,125.529367,25070.0
momentum,recorded_at_scaling,17,0.915699,29008
momentum,replayed_at_fixed,17,21.260575,29006.0
momentum,recorded_at_scaling,18,1.114640,26496
momentum,replayed_at_fixed,18,84.600349,26363.0
momentum,recorded_at_scaling,19,0.713587,29760
momentum,replayed_at_fixed,19,0.878912,29760.0
momentum,recorded_at_scaling,20,2.242415,22880
momentum,replayed_at_fixed,20,2.642482,22880.0
momentum,recorded_at_scaling,21,1.481665,31232
momentum,replayed_at_fixed,21,1.224472,31232.0
momentum,recorded_at_scaling,22,1.217517,30176
momentum,replayed_at_fixed,22,1.302372,30176.0
momentum,recorded_at_scaling,23,0.649134,26256
momentum,replayed_at_fixed,23,16.235230,26256.0
momentum,recorded_at_scaling,24,0.778162,27408
momentum,replayed_at_fixed,24,1.865623,27408.0
momentum,recorded_at_scaling,25,1.346304,32032
momentum,replayed_at_fixed,25,2.577223,32032.0
momentum,recorded_at_scaling,26,0.950478,29056
momentum,replayed_at_fixed,26,1.305735,29056.0
momentum,recorded_at_scaling,27,0.602513,30048
momentum,replayed_at_fixed,27,0.712337,30048.0
momentum,recorded_at_scaling,28,0.347184,27760
momentum,replayed_at_fixed,28,201.352794,27590.0
momentum,recorded_at_scaling,29,1.393809,27920
momentum,replayed_at_fixed,29,124.183187,27836.0
momentum,recorded_at_scaling,30,0.658746,29072
momentum,replayed_at_fixed,30,0.275746,29072.0
momentum,recorded_at_scaling,31,1.615104,29280
momentum,replayed_at_fixed,31,8.946756,29252.0
momentum,recorded_at_scaling,32,0.644931,27312
momentum,replayed_at_fixed,32,1.359182,27312.0
momentum,recorded_at_scaling,33,0.855661,21440
momentum,replayed_at_fixed,33,222.813507,21000.0
momentum,recorded_at_scaling,34,0.478291,30304
momentum,replayed_at_fixed,34,2.032189,30304.0
momentum,recorded_at_scaling,35,1.418102,32400
momentum,replayed_at_fixed,35,1.298820,32400.0
momentum,recorded_at_scaling,36,1.458446,30640
momentum,replayed_at_fixed,36,1.652248,30640.0
momentum,recorded_at_scaling,37,0.816969,28640
momentum,replayed_at_fixed,37,1.136868,28640.0
momentum,recorded_at_scaling,38,0.597615,30864
momentum,replayed_at_fixed,38,3.730657,30864.0
momentum,recorded_at_scaling,39,0.681823,28016
momentum,replayed_at_fixed,39,135.808232,27966.0
momentum,recorded_at_scaling,40,0.403359,29520
momentum,replayed_at_fixed,40,1.393862,29520.0
momentum,recorded_at_scaling,41,1.339971,29040
momentum,replayed_at_fixed,41,2.483872,29040.0
momentum,recorded_at_scaling,42,1.328591,27328
momentum,replayed_at_fixed,42,112.625154,26841.0
momentum,recorded_at_scaling,43,1.550451,28608
momentum,replayed_at_fixed,43,4.219536,28608.0
momentum,recorded_at_scaling,44,1.007273,28880
momentum,replayed_at_fixed,44,9.223913,28794.0
momentum,recorded_at_scaling,45,0.963896,27936
momentum,replayed_at_fixed,45,5.116000,27936.0
momentum,recorded_at_scaling,46,1.103925,30608
momentum,replayed_at_fixed,46,282.414654,30440.0
momentum,recorded_at_scaling,47,0.532621,29760
momentum,replayed_at_fixed,47,0.472952,29760.0
momentum,recorded_at_scaling,48,0.812147,29904
momentum,replayed_at_fixed,48,1.015025,29904.0
momentum,recorded_at_scaling,49,0.298050,29424
momentum,replayed_at_fixed,49,0.497771,29424.0
momentum,recorded_at_scaling,50,0.719962,28400
momentum,replayed_at_fixed,50,57.579088,28259.0
momentum,recorded_at_scaling,51,0.295980,28688
momentum,replayed_at_fixed,51,82.082040,28499.0
momentum,recorded_at_scaling,52,0.824439,28144
momentum,replayed_at_fixed,52,0.827710,28144.0
momentum,recorded_at_scaling,53,0.516809,28368
momentum,replayed_at_fixed,53,1.073068,28368.0
momentum,recorded_at_scaling,54,1.641678,30192
momentum,replayed_at_fixed,54,2.008252,30192.0
momentum,recorded_at_scaling,55,3.173386,30944
momentum,replayed_at_fixed,55,5.575521,30944.0
momentum,recorded_at_scaling,56,1.780469,27456
momentum,replayed_at_fixed,56,1.592986,27456.0
momentum,recorded_at_scaling,57,0.568119,30336
momentum,replayed_at_fixed,57,273.634044,29939.0
momentum,recorded_at_scaling,58,0.458195,28928
momentum,replayed_at_fixed,58,256.670278,28827.0
momentum,recorded_at_scaling,59,1.408681,29344
momentum,replayed_at_fixed,59,0.936970,29344.0
momentum,recorded_at_scaling,60,1.046964,29024
momentum,replayed_at_fixed,60,2.207619,29024.0
momentum,recorded_at_scaling,61,1.460507,30464
momentum,replayed_at_fixed,61,6.933662,30464.0
momentum,recorded_at_scaling,62,0.769839,29552
momentum,replayed_at_fixed,62,0.936486,29552.0
momentum,recorded_at_scaling,63,1.099602,30608
momentum,replayed_at_fixed,63,0.960574,30608.0
momentum,recorded_at_scaling,64,2.466465,26048
momentum,replayed_at_fixed,64,85.525127,25996.0
momentum,recorded_at_scaling,65,2.172723,25232
momentum,replayed_at_fixed,65,1.737478,25232.0
momentum,recorded_at_scaling,66,0.138554,30704
momentum,replayed_at_fixed,66,3.143040,30704.0
momentum,recorded_at_scaling,67,0.480538,28000
momentum,replayed_at_fixed,67,65.570289,27882.0
momentum,recorded_at_scaling,68,1.971137,33728
momentum,replayed_at_fixed,68,2.679786,33728.0
momentum,recorded_at_scaling,69,1.160138,27328
momentum,replayed_at_fixed,69,3.736773,27328.0
momentum,recorded_at_scaling,70,0.388288,28800
momentum,replayed_at_fixed,70,66.374004,28707.0
momentum,recorded_at_scaling,71,0.478256,29662
momentum,replayed_at_fixed,71,0.525920,29662.0
momentum,recorded_at_scaling,72,0.331383,27760
momentum,replayed_at_fixed,72,0.981106,27760.0
momentum,recorded_at_scaling,73,1.847774,25488
momentum,replayed_at_fixed,73,188.060021,25269.0
momentum,recorded_at_scaling,74,0.054227,28448
momentum,replayed_at_fixed,74,0.229325,28448.0
momentum,recorded_at_scaling,75,2.235934,29216
momentum,replayed_at_fixed,75,2.008736,29216.0
momentum,recorded_at_scaling,76,3.040637,31200
momentum,replayed_at_fixed,76,1.452111,31200.0
momentum,recorded_at_scaling,77,1.075495,29584
momentum,replayed_at_fixed,77,58.550384,29541.0
momentum,recorded_at_scaling,78,1.225294,27872
momentum,replayed_at_fixed,78,3.367299,27872.0
momentum,recorded_at_scaling,79,1.108107,24064
momentum,replayed_at_fixed,79,2.544302,24064.0
momentum,recorded_at_scaling,80,1.729081,29824
momentum,replayed_at_fixed,80,3.115430,29824.0
momentum,recorded_at_scaling,81,0.858121,26736
momentum,replayed_at_fixed,81,1.515443,26736.0
momentum,recorded_at_scaling,82,1.054532,27680
momentum,replayed_at_fixed,82,127.202009,27339.0
momentum,recorded_at_scaling,83,0.320626,27184
momentum,replayed_at_fixed,83,49.551645,27182.0
momentum,recorded_at_scaling,84,1.400722,31264
momentum,replayed_at_fixed,84,1.596853,31264.0
momentum,recorded_at_scaling,85,1.213531,29840
momentum,replayed_at_fixed,85,0.864169,29840.0
momentum,recorded_at_scaling,86,0.921636,28304
momentum,replayed_at_fixed,86,2.023342,28304.0
momentum,recorded_at_scaling,87,0.355828,31040
momentum,replayed_at_fixed,87,1.579991,31040.0
momentum,recorded_at_scaling,88,1.234382,29426
momentum,replayed_at_fixed,88,27.451054,29000.0
momentum,recorded_at_scaling,89,1.382427,29856
momentum,replayed_at_fixed,89,34.397479,29831.0
momentum,recorded_at_scaling,90,0.543708,28832
momentum,replayed_at_fixed,90,0.990043,28832.0
momentum,recorded_at_scaling,91,1.965647,28104
momentum,replayed_at_fixed,91,1.539820,28104.0
momentum,recorded_at_scaling,92,0.601610,29056
momentum,replayed_at_fixed,92,42.895759,29022.0
momentum,recorded_at_scaling,93,1.252554,29808
momentum,replayed_at_fixed,93,227.463064,29710.0
momentum,recorded_at_scaling,94,0.787974,26384
momentum,replayed_at_fixed,94,194.479964,26198.0
momentum,recorded_at_scaling,95,0.143184,28432
momentum,replayed_at_fixed,95,5.063931,28432.0
momentum,recorded_at_scaling,96,1.923934,31856
momentum,replayed_at_fixed,96,21.189027,31798.0
momentum,recorded_at_scaling,97,0.129119,31696
momentum,replayed_at_fixed,97,237.679898,23496.0
momentum,recorded_at_scaling,98,1.106442,29296
momentum,replayed_at_fixed,98,4.289837,29258.0
momentum,recorded_at_scaling,99,0.604110,25824
momentum,replayed_at_fixed,99,1.052799,25824.0
momentum,recorded_at_scaling,100,1.843894,28112
momentum,replayed_at_fixed,100,3.085731,28112.0
momentum,recorded_at_scaling,101,2.005257,27728
momentum,replayed_at_fixed,101,16.195964,27565.0
momentum,recorded_at_scaling,102,0.842424,31584
momentum,replayed_at_fixed,102,3.254533,31542.0
momentum,recorded_at_scaling,103,0.445235,26512
momentum,replayed_at_fixed,103,51.527209,26323.0
momentum,recorded_at_scaling,104,0.976380,29296
momentum,replayed_at_fixed,104,1.804100,29296.0
momentum,recorded_at_scaling,105,2.088567,28592
momentum,replayed_at_fixed,105,1.309360,28592.0
momentum,recorded_at_scaling,106,0.724601,25504
momentum,replayed_at_fixed,106,122.148726,25442.0
momentum,recorded_at_scaling,107,0.616282,33744
momentum,replayed_at_fixed,107,0.590334,33744.0
momentum,recorded_at_scaling,108,1.046451,29088
momentum,replayed_at_fixed,108,10.182533,29088.0
momentum,recorded_at_scaling,109,0.506400,25408
momentum,replayed_at_fixed,109,4.401053,25408.0
momentum,recorded_at_scaling,110,0.732816,26272
momentum,replayed_at_fixed,110,148.566001,26208.0
momentum,recorded_at_scaling,111,0.959586,23824
momentum,replayed_at_fixed,111,3.199741,23824.0
momentum,recorded_at_scaling,112,0.616487,28528
momentum,replayed_at_fixed,112,1.617194,28528.0
momentum,recorded_at_scaling,113,0.379422,30416
momentum,replayed_at_fixed,113,1.472245,30416.0
momentum,recorded_at_scaling,114,0.829424,30656
momentum,replayed_at_fixed,114,15.707417,30655.0
momentum,recorded_at_scaling,115,0.929815,24704
momentum,replayed_at_fixed,115,17.656483,24416.0
momentum,recorded_at_scaling,116,0.952131,24416
momentum,replayed_at_fixed,116,74.789457,24296.0
momentum,recorded_at_scaling,117,0.997053,31216
momentum,replayed_at_fixed,117,1.952322,31216.0
momentum,recorded_at_scaling,118,1.104806,28448
momentum,replayed_at_fixed,118,1.451181,28448.0
momentum,recorded_at_scaling,119,0.097735,26096
momentum,replayed_at_fixed,119,4.065597,26059.0
momentum,recorded_at_scaling,120,0.352952,30768
momentum,replayed_at_fixed,120,2.171937,30768.0
momentum,recorded_at_scaling,121,1.913882,30176
momentum,replayed_at_fixed,121,30.115902,30130.0
momentum,recorded_at_scaling,122,0.101626,28768
momentum,replayed_at_fixed,122,164.437723,28483.0
momentum,recorded_at_scaling,123,1.034050,27472
momentum,replayed_at_fixed,123,217.482385,26643.0
momentum,recorded_at_scaling,124,2.520725,29728
momentum,replayed_at_fixed,124,3.935473,29708.0
momentum,recorded_at_scaling,125,1.057224,29488
momentum,replayed_at_fixed,125,0.769698,29488.0
momentum,recorded_at_scaling,126,0.504049,27088
momentum,replayed_at_fixed,126,1.402662,27088.0
momentum,recorded_at_scaling,127,1.443136,32512
momentum,replayed_at_fixed,127,0.494849,32512.0
momentum,recorded_at_scaling,128,0.267793,29328
momentum,replayed_at_fixed,128,0.452831,29328.0
momentum,recorded_at_scaling,129,1.387485,29920
momentum,replayed_at_fixed,129,245.324823,29920.0
momentum,recorded_at_scaling,130,0.681525,28304
momentum,replayed_at_fixed,130,0.846019,28304.0
momentum,recorded_at_scaling,131,1.135721,29168
momentum,replayed_at_fixed,131,286.668177,28910.0
momentum,recorded_at_scaling,132,0.619786,26624
momentum,replayed_at_fixed,132,289.447968,26497.0
momentum,recorded_at_scaling,133,1.223731,28704
momentum,replayed_at_fixed,133,1.716217,28704.0
momentum,recorded_at_scaling,134,0.262970,29552
momentum,replayed_at_fixed,134,2.264391,29552.0
momentum,recorded_at_scaling,135,1.155054,28608
momentum,replayed_at_fixed,135,262.449919,28586.0
momentum,recorded_at_scaling,136,1.016771,27232
momentum,replayed_at_fixed,136,0.768027,27232.0
momentum,recorded_at_scaling,137,0.722697,27104
momentum,replayed_at_fixed,137,76.104168,26926.0
momentum,recorded_at_scaling,138,0.277876,29216
momentum,replayed_at_fixed,138,4.819604,29216.0
momentum,recorded_at_scaling,139,0.582845,26912
momentum,replayed_at_fixed,139,293.114178,26876.0
momentum,recorded_at_scaling,140,0.730734,27408
momentum,replayed_at_fixed,140,2.772723,27408.0
momentum,recorded_at_scaling,141,-0.051479,28752
momentum,replayed_at_fixed,141,79.306210,28600.0
momentum,recorded_at_scaling,142,0.596789,27840
momentum,replayed_at_fixed,142,1.137756,27840.0
momentum,recorded_at_scaling,143,0.515923,26912
momentum,replayed_at_fixed,143,46.234604,26785.0
momentum,recorded_at_scaling,144,1.346017,28656
momentum,replayed_at_fixed,144,2.695197,28656.0
momentum,recorded_at_scaling,145,1.137719,28560
momentum,replayed_at_fixed,145,8.377945,28324.0
momentum,recorded_at_scaling,146,1.463535,28864
momentum,replayed_at_fixed,146,2.715491,28864.0
momentum,recorded_at_scaling,147,0.021432,27344
momentum,replayed_at_fixed,147,1.116053,27344.0
momentum,recorded_at_scaling,148,1.117105,27824
momentum,replayed_at_fixed,148,292.117811,27431.0
momentum,recorded_at_scaling,149,1.630220,27344
momentum,replayed_at_fixed,149,58.381063,26935.0
momentum,recorded_at_scaling,150,2.140846,27888
momentum,replayed_at_fixed,150,3.181316,27888.0
momentum,recorded_at_scaling,151,1.448641,28896
momentum,replayed_at_fixed,151,1.005561,28896.0
momentum,recorded_at_scaling,152,0.380978,29904
momentum,replayed_at_fixed,152,0.680025,29904.0
momentum,recorded_at_scaling,153,0.638876,29264
momentum,replayed_at_fixed,153,230.311417,29125.0
momentum,recorded_at_scaling,154,2.530119,28624
momentum,replayed_at_fixed,154,293.117609,28269.0
momentum,recorded_at_scaling,155,1.219469,31488
momentum,replayed_at_fixed,155,91.252934,30892.0
momentum,recorded_at_scaling,156,0.779569,27984
momentum,replayed_at_fixed,156,2.727384,27984.0
momentum,recorded_at_scaling,157,1.010381,27808
momentum,replayed_at_fixed,157,291.748796,25674.0
momentum,recorded_at_scaling,158,1.327258,27072
momentum,replayed_at_fixed,158,1.410828,27072.0
momentum,recorded_at_scaling,159,0.206883,27168
momentum,replayed_at_fixed,159,291.969334,27042.0
momentum,recorded_at_scaling,160,1.015969,29024
momentum,replayed_at_fixed,160,0.812041,29024.0
momentum,recorded_at_scaling,161,0.801902,24944
momentum,replayed_at_fixed,161,165.117782,24674.0
momentum,recorded_at_scaling,162,0.771632,26864
momentum,replayed_at_fixed,162,152.240320,25885.0
momentum,recorded_at_scaling,163,1.561038,27040
momentum,replayed_at_fixed,163,10.505924,26923.0
momentum,recorded_at_scaling,164,0.790050,27248
momentum,replayed_at_fixed,164,1.459566,27248.0
momentum,recorded_at_scaling,165,0.761480,27312
momentum,replayed_at_fixed,165,260.526112,27234.0
momentum,recorded_at_scaling,166,0.819284,30576
momentum,replayed_at_fixed,166,2.927097,30576.0
momentum,recorded_at_scaling,167,1.052877,27008
momentum,replayed_at_fixed,167,238.729351,26696.0
momentum,recorded_at_scaling,168,0.271861,27504
momentum,replayed_at_fixed,168,278.721094,27312.0
momentum,recorded_at_scaling,169,1.482226,26464
momentum,replayed_at_fixed,169,290.014434,26306.0
momentum,recorded_at_scaling,170,1.202238,28624
momentum,replayed_at_fixed,170,1.127765,28624.0
momentum,recorded_at_scaling,171,0.835460,28592
momentum,replayed_at_fixed,171,66.394544,28485.0
momentum,recorded_at_scaling,172,0.766563,26768
momentum,replayed_at_fixed,172,1.517591,26768.0
momentum,recorded_at_scaling,173,1.645390,27392
momentum,replayed_at_fixed,173,20.067691,27344.0
momentum,recorded_at_scaling,174,0.564955,27984
momentum,replayed_at_fixed,174,88.904341,27766.0
momentum,recorded_at_scaling,175,2.564309,24144
momentum,replayed_at_fixed,175,287.077635,24029.0
momentum,recorded_at_scaling,176,0.979348,31440
momentum,replayed_at_fixed,176,2.011668,31440.0
momentum,recorded_at_scaling,177,0.185050,30368
momentum,replayed_at_fixed,177,138.337194,30136.0
momentum,recorded_at_scaling,178,0.270390,27632
momentum,replayed_at_fixed,178,0.549330,27632.0
momentum,recorded_at_scaling,179,0.288397,28608
momentum,replayed_at_fixed,179,0.176554,28608.0
momentum,recorded_at_scaling,180,2.110626,26368
momentum,replayed_at_fixed,180,3.020374,26368.0
momentum,recorded_at_scaling,181,2.171536,26160
momentum,replayed_at_fixed,181,1.688355,26160.0
momentum,recorded_at_scaling,182,1.480549,24472
momentum,replayed_at_fixed,182,2.227802,24472.0
momentum,recorded_at_scaling,183,0.357679,26784
momentum,replayed_at_fixed,183,0.557870,26784.0
momentum,recorded_at_scaling,184,1.102754,29664
momentum,replayed_at_fixed,184,0.685963,29664.0
momentum,recorded_at_scaling,185,1.267669,31584
momentum,replayed_at_fixed,185,137.359732,31269.0
momentum,recorded_at_scaling,186,1.342389,29504
momentum,replayed_at_fixed,186,2.915905,29504.0
momentum,recorded_at_scaling,187,0.088203,31872
momentum,replayed_at_fixed,187,6.590758,31872.0
momentum,recorded_at_scaling,188,0.214653,31872
momentum,replayed_at_fixed,188,1.081933,31872.0
momentum,recorded_at_scaling,189,0.988905,29312
momentum,replayed_at_fixed,189,170.392247,28921.0
momentum,recorded_at_scaling,190,-0.105357,32320
momentum,replayed_at_fixed,190,213.884170,32130.0
momentum,recorded_at_scaling,191,0.378395,28272
momentum,replayed_at_fixed,191,2.756440,28224.0
momentum,recorded_at_scaling,192,1.108674,29424
momentum,replayed_at_fixed,192,3.140028,29424.0
momentum,recorded_at_scaling,193,0.370060,29504
momentum,replayed_at_fixed,193,0.866033,29504.0
momentum,recorded_at_scaling,194,0.908642,31904
momentum,replayed_at_fixed,194,0.773781,31904.0
momentum,recorded_at_scaling,195,1.208767,26320
momentum,replayed_at_fixed,195,1.506380,26320.0
momentum,recorded_at_scaling,196,2.813900,27376
momentum,replayed_at_fixed,196,3.988784,27376.0
momentum,recorded_at_scaling,197,1.195437,28448
momentum,replayed_at_fixed,197,1.281531,28448.0
momentum,recorded_at_scaling,198,1.833563,27584
momentum,replayed_at_fixed,198,1.264684,27584.0
momentum,recorded_at_scaling,199,0.470333,28304
momentum,replayed_at_fixed,199,1.150232,28304.0
momentum,recorded_at_scaling,200,2.024144,26608
momentum,replayed_at_fixed,200,3.695316,26608.0
momentum,recorded_at_scaling,201,1.148352,29280
momentum,replayed_at_fixed,201,122.299397,28359.0
momentum,recorded_at_scaling,202,1.264943,27040
momentum,replayed_at_fixed,202,275.371668,26713.0
momentum,recorded_at_scaling,203,2.176465,31824
momentum,replayed_at_fixed,203,1.998853,31824.0
momentum,recorded_at_scaling,204,0.649153,32368
momentum,replayed_at_fixed,204,0.907631,32368.0
momentum,recorded_at_scaling,205,1.667366,29232
momentum,replayed_at_fixed,205,7.284290,29232.0
momentum,recorded_at_scaling,206,2.336316,33264
momentum,replayed_at_fixed,206,292.563197,33182.0
momentum,recorded_at_scaling,207,0.777026,30864
momentum,replayed_at_fixed,207,0.747665,30864.0
momentum,recorded_at_scaling,208,0.414185,27328
momentum,replayed_at_fixed,208,1.671242,27328.0
momentum,recorded_at_scaling,209,1.245539,28288
momentum,replayed_at_fixed,209,0.528320,28288.0
momentum,recorded_at_scaling,210,0.616739,32192
momentum,replayed_at_fixed,210,123.822852,31762.0
momentum,recorded_at_scaling,211,0.604651,29856
momentum,replayed_at_fixed,211,229.886020,29766.0
momentum,recorded_at_scaling,212,0.833774,25888
momentum,replayed_at_fixed,212,3.612925,25888.0
momentum,recorded_at_scaling,213,1.529598,25760
momentum,replayed_at_fixed,213,1.226237,25760.0
momentum,recorded_at_scaling,214,2.235391,23696
momentum,replayed_at_fixed,214,7.007821,23682.0
momentum,recorded_at_scaling,215,3.786496,26112
momentum,replayed_at_fixed,215,11.510458,26050.0
momentum,recorded_at_scaling,216,2.375557,26080
momentum,replayed_at_fixed,216,145.007840,25811.0
momentum,recorded_at_scaling,217,1.450519,27968
momentum,replayed_at_fixed,217,66.324631,27429.0
momentum,recorded_at_scaling,218,1.514570,28448
momentum,replayed_at_fixed,218,276.179681,28304.0
momentum,recorded_at_scaling,219,0.471114,30768
momentum,replayed_at_fixed,219,1.488141,30768.0
momentum,recorded_at_scaling,220,1.188779,32704
momentum,replayed_at_fixed,220,1.002487,32704.0
momentum,recorded_at_scaling,221,0.361807,27984
momentum,replayed_at_fixed,221,292.772077,27798.0
momentum,recorded_at_scaling,222,1.167389,30400
momentum,replayed_at_fixed,222,1.130630,30400.0
momentum,recorded_at_scaling,223,1.794165,28896
momentum,replayed_at_fixed,223,113.644085,28764.0
momentum,recorded_at_scaling,224,0.810296,27968
momentum,replayed_at_fixed,224,1.293532,27968.0
momentum,recorded_at_scaling,225,1.260755,30240
momentum,replayed_at_fixed,225,1.184688,30240.0
momentum,recorded_at_scaling,226,0.349080,30480
momentum,replayed_at_fixed,226,0.126721,30480.0
momentum,recorded_at_scaling,227,-0.285623,28544
momentum,replayed_at_fixed,227,1.849301,28544.0
momentum,recorded_at_scaling,228,0.509546,30752
momentum,replayed_at_fixed,228,41.978455,30537.0
momentum,recorded_at_scaling,229,0.298283,29200
momentum,replayed_at_fixed,229,1.110942,29200.0
momentum,recorded_at_scaling,230,0.413842,28448
momentum,replayed_at_fixed,230,208.588397,28424.0
momentum,recorded_at_scaling,231,1.272997,28096
momentum,replayed_at_fixed,231,0.557008,28096.0
momentum,recorded_at_scaling,232,0.606714,29888
momentum,replayed_at_fixed,232,4.050512,29888.0
momentum,recorded_at_scaling,233,0.456173,29280
momentum,replayed_at_fixed,233,1.957516,29280.0
momentum,recorded_at_scaling,234,0.770823,32160
momentum,replayed_at_fixed,234,207.417041,32112.0
momentum,recorded_at_scaling,235,0.708742,30064
momentum,replayed_at_fixed,235,4.208372,30062.0
momentum,recorded_at_scaling,236,-0.046115,27056
momentum,replayed_at_fixed,236,4.722330,27044.0
momentum,recorded_at_scaling,237,0.398484,26768
momentum,replayed_at_fixed,237,10.022105,26768.0
momentum,recorded_at_scaling,238,1.734997,30368
momentum,replayed_at_fixed,238,1.696435,30368.0
momentum,recorded_at_scaling,239,-0.108690,27264
momentum,replayed_at_fixed,239,1.377410,27264.0
momentum,recorded_at_scaling,240,0.385995,30208
momentum,replayed_at_fixed,240,182.850835,29932.0
momentum,recorded_at_scaling,241,1.602591,28512
momentum,replayed_at_fixed,241,2.643317,28512.0
momentum,recorded_at_scaling,242,0.345811,31408
momentum,replayed_at_fixed,242,1.027846,31408.0
momentum,recorded_at_scaling,243,1.477101,28352
momentum,replayed_at_fixed,243,3.548366,28352.0
momentum,recorded_at_scaling,244,0.733006,25584
momentum,replayed_at_fixed,244,3.018461,25584.0
momentum,recorded_at_scaling,245,0.748792,29104
momentum,replayed_at_fixed,245,267.167989,28390.0
momentum,recorded_at_scaling,246,-0.079665,29568
momentum,replayed_at_fixed,246,0.270576,29568.0
momentum,recorded_at_scaling,247,0.173143,27216
momentum,replayed_at_fixed,247,0.797757,27216.0
momentum,recorded_at_scaling,248,0.950885,31312
momentum,replayed_at_fixed,248,9.063587,31312.0
momentum,recorded_at_scaling,249,1.024298,27552
momentum,replayed_at_fixed,249,1.015144,27552.0
momentum,recorded_at_scaling,250,1.025531,26736
momentum,replayed_at_fixed,250,50.658009,26554.0
momentum,recorded_at_scaling,251,0.640311,24864
momentum,replayed_at_fixed,251,206.498274,24639.0
momentum,recorded_at_scaling,252,1.612504,29568
momentum,replayed_at_fixed,252,1.013804,29568.0
momentum,recorded_at_scaling,253,-0.168251,27888
momentum,replayed_at_fixed,253,1.056667,27888.0
momentum,recorded_at_scaling,254,0.614035,27632
momentum,replayed_at_fixed,254,1.087057,27632.0
momentum,recorded_at_scaling,255,1.186216,29024
momentum,replayed_at_fixed,255,2.193778,29024.0
momentum,recorded_at_scaling,256,1.897639,28560
momentum,replayed_at_fixed,256,257.580905,28190.0
momentum,recorded_at_scaling,257,0.705464,26240
momentum,replayed_at_fixed,257,117.819198,25901.0
momentum,recorded_at_scaling,258,1.500605,30576
momentum,replayed_at_fixed,258,1.944064,30576.0
momentum,recorded_at_scaling,259,0.598965,23488
momentum,replayed_at_fixed,259,293.474214,23380.0
momentum,recorded_at_scaling,260,0.640868,28720
momentum,replayed_at_fixed,260,46.514581,28707.0
momentum,recorded_at_scaling,261,0.868891,30656
momentum,replayed_at_fixed,261,0.434412,30656.0
momentum,recorded_at_scaling,262,2.201418,26448
momentum,replayed_at_fixed,262,2.052350,26448.0
momentum,recorded_at_scaling,263,0.308233,27456
momentum,replayed_at_fixed,263,0.135171,27456.0
momentum,recorded_at_scaling,264,1.190680,29344
momentum,replayed_at_fixed,264,1.391872,29344.0
momentum,recorded_at_scaling,265,0.283299,31456
momentum,replayed_at_fixed,265,16.381206,31432.0
momentum,recorded_at_scaling,266,0.705469,27632
momentum,replayed_at_fixed,266,2.490957,27632.0
momentum,recorded_at_scaling,267,1.020286,24800
momentum,replayed_at_fixed,267,46.438766,24800.0
momentum,recorded_at_scaling,268,1.916585,28352
momentum,replayed_at_fixed,268,3.557615,28352.0
momentum,recorded_at_scaling,269,2.903213,29744
momentum,replayed_at_fixed,269,2.983725,29744.0
momentum,recorded_at_scaling,270,0.955827,29536
momentum,replayed_at_fixed,270,199.444410,29359.0
momentum,recorded_at_scaling,271,0.173512,24512
momentum,replayed_at_fixed,271,282.654670,24365.0
momentum,recorded_at_scaling,272,-0.038315,30960
momentum,replayed_at_fixed,272,0.845620,30960.0
momentum,recorded_at_scaling,273,0.815512,28816
momentum,replayed_at_fixed,273,93.098006,28775.0
momentum,recorded_at_scaling,274,1.783323,28208
momentum,replayed_at_fixed,274,259.219515,28189.0
momentum,recorded_at_scaling,275,0.104380,27152
momentum,replayed_at_fixed,275,1.316641,27152.0
momentum,recorded_at_scaling,276,0.284683,24992
momentum,replayed_at_fixed,276,80.621010,24992.0
momentum,recorded_at_scaling,277,0.137094,28224
momentum,replayed_at_fixed,277,95.040319,27317.0
momentum,recorded_at_scaling,278,0.454665,28304
momentum,replayed_at_fixed,278,212.426796,28130.0
momentum,recorded_at_scaling,279,0.731278,26336
momentum,replayed_at_fixed,279,0.950336,26336.0
momentum,recorded_at_scaling,280,0.246082,27344
momentum,replayed_at_fixed,280,1.041211,27344.0
momentum,recorded_at_scaling,281,1.211025,28256
momentum,replayed_at_fixed,281,1.972308,28256.0
momentum,recorded_at_scaling,282,2.641801,30560
momentum,replayed_at_fixed,282,0.767367,30560.0
momentum,recorded_at_scaling,283,0.729242,27888
momentum,replayed_at_fixed,283,171.984059,27679.0
momentum,recorded_at_scaling,284,1.095584,28496
momentum,replayed_at_fixed,284,140.338288,28388.0
momentum,recorded_at_scaling,285,0.888229,31232
momentum,replayed_at_fixed,285,2.104788,31232.0
momentum,recorded_at_scaling,286,1.502174,28336
momentum,replayed_at_fixed,286,68.321379,28235.0
momentum,recorded_at_scaling,287,1.021158,28384
momentum,replayed_at_fixed,287,1.010426,28384.0
momentum,recorded_at_scaling,288,0.952746,26944
momentum,replayed_at_fixed,288,0.864587,26944.0
momentum,recorded_at_scaling,289,0.652217,30864
momentum,replayed_at_fixed,289,209.632869,30815.0
momentum,recorded_at_scaling,290,0.905900,31744
momentum,replayed_at_fixed,290,1.359115,31744.0
momentum,recorded_at_scaling,291,1.395087,27888
momentum,replayed_at_fixed,291,94.284561,27431.0
momentum,recorded_at_scaling,292,1.691230,28768
momentum,replayed_at_fixed,292,5.330281,28768.0
momentum,recorded_at_scaling,293,2.211738,27776
momentum,replayed_at_fixed,293,0.653706,27776.0
momentum,recorded_at_scaling,294,1.279051,29968
momentum,replayed_at_fixed,294,218.580745,29751.0
momentum,recorded_at_scaling,295,0.981724,27584
momentum,replayed_at_fixed,295,0.670726,27584.0
momentum,recorded_at_scaling,296,1.077854,28112
momentum,replayed_at_fixed,296,209.725827,27978.0
momentum,recorded_at_scaling,297,1.107515,28032
momentum,replayed_at_fixed,297,94.651309,27680.0
momentum,recorded_at_scaling,298,0.654816,25384
momentum,replayed_at_fixed,298,2.856617,25384.0
momentum,recorded_at_scaling,299,0.581400,28192
momentum,replayed_at_fixed,299,44.616881,28003.0
momentum,recorded_at_scaling,300,0.979563,30560
momentum,replayed_at_fixed,300,11.512068,30542.0
rl_homogeneous,recorded_at_scaling,1,1.130763,3712
rl_homogeneous,replayed_at_fixed,1,113.279487,3450.0
rl_homogeneous,recorded_at_scaling,2,0.579724,0
rl_homogeneous,replayed_at_fixed,2,0.561657,0.0
rl_homogeneous,recorded_at_scaling,3,1.222793,1632
rl_homogeneous,replayed_at_fixed,3,163.006052,1443.0
rl_homogeneous,recorded_at_scaling,4,1.119414,1696
rl_homogeneous,replayed_at_fixed,4,92.474381,1481.0
rl_homogeneous,recorded_at_scaling,5,0.397203,1680
rl_homogeneous,replayed_at_fixed,5,293.772192,1459.0
rl_homogeneous,recorded_at_scaling,6,1.388014,3264
rl_homogeneous,replayed_at_fixed,6,278.428041,3208.0
rl_homogeneous,recorded_at_scaling,7,1.893922,4448
rl_homogeneous,replayed_at_fixed,7,130.909738,4156.0
rl_homogeneous,recorded_at_scaling,8,0.845553,1632
rl_homogeneous,replayed_at_fixed,8,293.595992,1474.0
rl_homogeneous,recorded_at_scaling,9,1.510554,1840
rl_homogeneous,replayed_at_fixed,9,120.609624,1643.0
rl_homogeneous,recorded_at_scaling,10,2.602189,3136
rl_homogeneous,replayed_at_fixed,10,7.685036,3136.0
rl_homogeneous,recorded_at_scaling,11,1.139289,3968
rl_homogeneous,replayed_at_fixed,11,64.170697,3855.0
rl_homogeneous,recorded_at_scaling,12,0.935198,0
rl_homogeneous,replayed_at_fixed,12,0.963566,0.0
rl_homogeneous,recorded_at_scaling,13,0.753502,6464
rl_homogeneous,replayed_at_fixed,13,68.050519,5830.0
rl_homogeneous,recorded_at_scaling,14,0.409114,336
rl_homogeneous,replayed_at_fixed,14,0.445457,336.0
rl_homogeneous,recorded_at_scaling,15,2.074825,2656
rl_homogeneous,replayed_at_fixed,15,2.836355,2656.0
rl_homogeneous,recorded_at_scaling,16,1.081746,5680
rl_homogeneous,replayed_at_fixed,16,289.816846,5062.0
rl_homogeneous,recorded_at_scaling,17,1.348957,3008
rl_homogeneous,replayed_at_fixed,17,274.136527,2891.0
rl_homogeneous,recorded_at_scaling,18,1.303690,5248
rl_homogeneous,replayed_at_fixed,18,287.209142,4873.0
rl_homogeneous,recorded_at_scaling,19,1.614136,2672
rl_homogeneous,replayed_at_fixed,19,36.368223,2672.0
rl_homogeneous,recorded_at_scaling,20,2.067654,288
rl_homogeneous,replayed_at_fixed,20,2.083286,288.0
rl_homogeneous,recorded_at_scaling,21,1.611672,4384
rl_homogeneous,replayed_at_fixed,21,2.505248,4384.0
rl_homogeneous,recorded_at_scaling,22,1.331086,4752
rl_homogeneous,replayed_at_fixed,22,259.110081,4523.0
rl_homogeneous,recorded_at_scaling,23,1.725585,3744
rl_homogeneous,replayed_at_fixed,23,63.079473,3744.0
rl_homogeneous,recorded_at_scaling,24,0.731752,2160
rl_homogeneous,replayed_at_fixed,24,1.006698,2160.0
rl_homogeneous,recorded_at_scaling,25,1.684802,1632
rl_homogeneous,replayed_at_fixed,25,292.873241,1485.0
rl_homogeneous,recorded_at_scaling,26,1.035007,5248
rl_homogeneous,replayed_at_fixed,26,12.685364,5244.0
rl_homogeneous,recorded_at_scaling,27,2.148404,1584
rl_homogeneous,replayed_at_fixed,27,292.332334,1379.0
rl_homogeneous,recorded_at_scaling,28,1.089625,3680
rl_homogeneous,replayed_at_fixed,28,182.103609,3591.0
rl_homogeneous,recorded_at_scaling,29,2.523129,2816
rl_homogeneous,replayed_at_fixed,29,83.620917,2814.0
rl_homogeneous,recorded_at_scaling,30,1.375724,608
rl_homogeneous,replayed_at_fixed,30,1.344276,608.0
rl_homogeneous,recorded_at_scaling,31,1.127847,3872
rl_homogeneous,replayed_at_fixed,31,62.665556,3846.0
rl_homogeneous,recorded_at_scaling,32,0.833664,1482
rl_homogeneous,replayed_at_fixed,32,41.349836,1468.0
rl_homogeneous,recorded_at_scaling,33,0.923582,6496
rl_homogeneous,replayed_at_fixed,33,293.805307,5896.0
rl_homogeneous,recorded_at_scaling,34,0.721059,4048
rl_homogeneous,replayed_at_fixed,34,268.169368,3988.0
rl_homogeneous,recorded_at_scaling,35,2.120596,2752
rl_homogeneous,replayed_at_fixed,35,53.821961,2692.0
rl_homogeneous,recorded_at_scaling,36,2.100100,1696
rl_homogeneous,replayed_at_fixed,36,68.110239,1502.0
rl_homogeneous,recorded_at_scaling,37,1.066514,4320
rl_homogeneous,replayed_at_fixed,37,293.311399,4192.0
rl_homogeneous,recorded_at_scaling,38,0.588513,5120
rl_homogeneous,replayed_at_fixed,38,293.334986,5006.0
rl_homogeneous,recorded_at_scaling,39,1.039645,7584
rl_homogeneous,replayed_at_fixed,39,293.504020,6990.0
rl_homogeneous,recorded_at_scaling,40,1.268695,5344
rl_homogeneous,replayed_at_fixed,40,190.699002,4919.0
rl_homogeneous,recorded_at_scaling,41,1.610932,5200
rl_homogeneous,replayed_at_fixed,41,157.216473,4520.0
rl_homogeneous,recorded_at_scaling,42,0.272331,2288
rl_homogeneous,replayed_at_fixed,42,175.196819,2252.0
rl_homogeneous,recorded_at_scaling,43,0.758997,6768
rl_homogeneous,replayed_at_fixed,43,291.346042,6468.0
rl_homogeneous,recorded_at_scaling,44,0.522663,3648
rl_homogeneous,replayed_at_fixed,44,162.304605,3360.0
rl_homogeneous,recorded_at_scaling,45,1.529860,5232
rl_homogeneous,replayed_at_fixed,45,277.030974,4636.0
rl_homogeneous,recorded_at_scaling,46,1.456024,1760
rl_homogeneous,replayed_at_fixed,46,292.713137,1444.0
rl_homogeneous,recorded_at_scaling,47,0.611494,5144
rl_homogeneous,replayed_at_fixed,47,168.831320,4639.0
rl_homogeneous,recorded_at_scaling,48,1.318152,2694
rl_homogeneous,replayed_at_fixed,48,19.355639,2694.0
rl_homogeneous,recorded_at_scaling,49,0.814140,3424
rl_homogeneous,replayed_at_fixed,49,2.684156,3424.0
rl_homogeneous,recorded_at_scaling,50,1.223973,3152
rl_homogeneous,replayed_at_fixed,50,106.155650,2935.0
rl_homogeneous,recorded_at_scaling,51,0.410425,5728
rl_homogeneous,replayed_at_fixed,51,61.299773,5531.0
rl_homogeneous,recorded_at_scaling,52,1.110227,3280
rl_homogeneous,replayed_at_fixed,52,284.966958,3072.0
rl_homogeneous,recorded_at_scaling,53,1.504864,3920
rl_homogeneous,replayed_at_fixed,53,223.631402,3837.0
rl_homogeneous,recorded_at_scaling,54,0.959927,1664
rl_homogeneous,replayed_at_fixed,54,136.136116,1493.0
rl_homogeneous,recorded_at_scaling,55,3.743633,3456
rl_homogeneous,replayed_at_fixed,55,130.448667,3444.0
rl_homogeneous,recorded_at_scaling,56,2.029834,6848
rl_homogeneous,replayed_at_fixed,56,289.446975,6649.0
rl_homogeneous,recorded_at_scaling,57,0.496805,4288
rl_homogeneous,replayed_at_fixed,57,90.606931,4147.0
rl_homogeneous,recorded_at_scaling,58,0.666363,2048
rl_homogeneous,replayed_at_fixed,58,76.582402,1856.0
rl_homogeneous,recorded_at_scaling,59,1.397372,2272
rl_homogeneous,replayed_at_fixed,59,293.390219,2030.0
rl_homogeneous,recorded_at_scaling,60,0.559307,2592
rl_homogeneous,replayed_at_fixed,60,291.414952,2389.0
rl_homogeneous,recorded_at_scaling,61,1.540634,992
rl_homogeneous,replayed_at_fixed,61,2.040044,992.0
rl_homogeneous,recorded_at_scaling,62,1.982673,1824
rl_homogeneous,replayed_at_fixed,62,272.388736,1718.0
rl_homogeneous,recorded_at_scaling,63,1.789175,5936
rl_homogeneous,replayed_at_fixed,63,45.723029,5930.0
rl_homogeneous,recorded_at_scaling,64,1.998097,5152
rl_homogeneous,replayed_at_fixed,64,79.802256,5046.0
rl_homogeneous,recorded_at_scaling,65,2.410357,608
rl_homogeneous,replayed_at_fixed,65,2.329080,608.0
rl_homogeneous,recorded_at_scaling,66,0.618740,1696
rl_homogeneous,replayed_at_fixed,66,78.302974,1592.0
rl_homogeneous,recorded_at_scaling,67,0.581461,2304
rl_homogeneous,replayed_at_fixed,67,172.652304,2094.0
rl_homogeneous,recorded_at_scaling,68,1.752268,1696
rl_homogeneous,replayed_at_fixed,68,293.716692,1498.0
rl_homogeneous,recorded_at_scaling,69,0.684053,3008
rl_homogeneous,replayed_at_fixed,69,293.306926,2810.0
rl_homogeneous,recorded_at_scaling,70,0.450538,6464
rl_homogeneous,replayed_at_fixed,70,291.734588,6282.0
rl_homogeneous,recorded_at_scaling,71,0.646639,0
rl_homogeneous,replayed_at_fixed,71,0.603291,0.0
rl_homogeneous,recorded_at_scaling,72,1.052773,2848
rl_homogeneous,replayed_at_fixed,72,184.150681,2698.0
rl_homogeneous,recorded_at_scaling,73,1.791415,5712
rl_homogeneous,replayed_at_fixed,73,246.865097,5333.0
rl_homogeneous,recorded_at_scaling,74,0.211974,4128
rl_homogeneous,replayed_at_fixed,74,235.014825,4128.0
rl_homogeneous,recorded_at_scaling,75,1.785203,4560
rl_homogeneous,replayed_at_fixed,75,60.444365,4386.0
rl_homogeneous,recorded_at_scaling,76,5.871089,2656
rl_homogeneous,replayed_at_fixed,76,293.121677,2572.0
rl_homogeneous,recorded_at_scaling,77,1.454767,5872
rl_homogeneous,replayed_at_fixed,77,78.566353,5467.0
rl_homogeneous,recorded_at_scaling,78,1.887541,3232
rl_homogeneous,replayed_at_fixed,78,189.538218,2994.0
rl_homogeneous,recorded_at_scaling,79,0.950656,928
rl_homogeneous,replayed_at_fixed,79,237.872159,928.0
rl_homogeneous,recorded_at_scaling,80,1.512969,5072
rl_homogeneous,replayed_at_fixed,80,179.630380,4677.0
rl_homogeneous,recorded_at_scaling,81,1.169201,0
rl_homogeneous,replayed_at_fixed,81,1.173554,0.0
rl_homogeneous,recorded_at_scaling,82,1.297981,3584
rl_homogeneous,replayed_at_fixed,82,62.660747,3104.0
rl_homogeneous,recorded_at_scaling,83,0.580460,3264
rl_homogeneous,replayed_at_fixed,83,291.867864,2904.0
rl_homogeneous,recorded_at_scaling,84,1.265985,384
rl_homogeneous,replayed_at_fixed,84,1.182837,384.0
rl_homogeneous,recorded_at_scaling,85,1.566834,0
rl_homogeneous,replayed_at_fixed,85,1.527614,0.0
rl_homogeneous,recorded_at_scaling,86,1.895118,2784
rl_homogeneous,replayed_at_fixed,86,293.457265,2544.0
rl_homogeneous,recorded_at_scaling,87,0.144778,4928
rl_homogeneous,replayed_at_fixed,87,243.960556,4400.0
rl_homogeneous,recorded_at_scaling,88,2.020670,2032
rl_homogeneous,replayed_at_fixed,88,70.891676,1882.0
rl_homogeneous,recorded_at_scaling,89,1.935444,5264
rl_homogeneous,replayed_at_fixed,89,291.523047,5172.0
rl_homogeneous,recorded_at_scaling,90,1.242852,3424
rl_homogeneous,replayed_at_fixed,90,41.726898,3410.0
rl_homogeneous,recorded_at_scaling,91,2.652025,6496
rl_homogeneous,replayed_at_fixed,91,45.174470,6496.0
rl_homogeneous,recorded_at_scaling,92,2.042628,1760
rl_homogeneous,replayed_at_fixed,92,262.554552,1475.0
rl_homogeneous,recorded_at_scaling,93,1.631609,2672
rl_homogeneous,replayed_at_fixed,93,154.312789,2672.0
rl_homogeneous,recorded_at_scaling,94,0.506223,4544
rl_homogeneous,replayed_at_fixed,94,291.826489,4434.0
rl_homogeneous,recorded_at_scaling,95,0.460979,5680
rl_homogeneous,replayed_at_fixed,95,190.621006,5495.0
rl_homogeneous,recorded_at_scaling,96,2.553318,1840
rl_homogeneous,replayed_at_fixed,96,236.756579,1834.0
rl_homogeneous,recorded_at_scaling,97,0.462729,1728
rl_homogeneous,replayed_at_fixed,97,56.432020,1701.0
rl_homogeneous,recorded_at_scaling,98,1.348551,4912
rl_homogeneous,replayed_at_fixed,98,206.815143,4102.0
rl_homogeneous,recorded_at_scaling,99,0.663135,0
rl_homogeneous,replayed_at_fixed,99,0.708012,0.0
rl_homogeneous,recorded_at_scaling,100,1.903435,4800
rl_homogeneous,replayed_at_fixed,100,261.003667,4730.0
rl_homogeneous,recorded_at_scaling,101,2.337534,3808
rl_homogeneous,replayed_at_fixed,101,290.329827,3622.0
rl_homogeneous,recorded_at_scaling,102,1.321601,5120
rl_homogeneous,replayed_at_fixed,102,60.648716,4802.0
rl_homogeneous,recorded_at_scaling,103,0.919958,1760
rl_homogeneous,replayed_at_fixed,103,293.737867,1521.0
rl_homogeneous,recorded_at_scaling,104,1.502570,3248
rl_homogeneous,replayed_at_fixed,104,289.861169,3209.0
rl_homogeneous,recorded_at_scaling,105,2.499272,384
rl_homogeneous,replayed_at_fixed,105,2.369610,384.0
rl_homogeneous,recorded_at_scaling,106,1.214827,1696
rl_homogeneous,replayed_at_fixed,106,293.733379,1526.0
rl_homogeneous,recorded_at_scaling,107,0.667776,4704
rl_homogeneous,replayed_at_fixed,107,292.754428,4666.0
rl_homogeneous,recorded_at_scaling,108,1.235543,3312
rl_homogeneous,replayed_at_fixed,108,80.245980,3167.0
rl_homogeneous,recorded_at_scaling,109,0.999253,5600
rl_homogeneous,replayed_at_fixed,109,109.182624,5600.0
rl_homogeneous,recorded_at_scaling,110,1.059230,3120
rl_homogeneous,replayed_at_fixed,110,107.334598,2840.0
rl_homogeneous,recorded_at_scaling,111,1.125496,5328
rl_homogeneous,replayed_at_fixed,111,178.541078,4988.0
rl_homogeneous,recorded_at_scaling,112,0.355997,3104
rl_homogeneous,replayed_at_fixed,112,6.848761,3104.0
rl_homogeneous,recorded_at_scaling,113,0.733404,2000
rl_homogeneous,replayed_at_fixed,113,65.085077,2000.0
rl_homogeneous,recorded_at_scaling,114,1.294446,1792
rl_homogeneous,replayed_at_fixed,114,47.773258,1712.0
rl_homogeneous,recorded_at_scaling,115,0.727564,5504
rl_homogeneous,replayed_at_fixed,115,129.827034,5149.0
rl_homogeneous,recorded_at_scaling,116,0.815393,5968
rl_homogeneous,replayed_at_fixed,116,287.977549,5795.0
rl_homogeneous,recorded_at_scaling,117,1.053426,1648
rl_homogeneous,replayed_at_fixed,117,293.834695,1436.0
rl_homogeneous,recorded_at_scaling,118,0.670958,1664
rl_homogeneous,replayed_at_fixed,118,0.775787,1664.0
rl_homogeneous,recorded_at_scaling,119,0.617614,3504
rl_homogeneous,replayed_at_fixed,119,284.045873,3323.0
rl_homogeneous,recorded_at_scaling,120,1.060573,7584
rl_homogeneous,replayed_at_fixed,120,254.670315,7203.0
rl_homogeneous,recorded_at_scaling,121,1.901801,3312
rl_homogeneous,replayed_at_fixed,121,167.698493,3312.0
rl_homogeneous,recorded_at_scaling,122,-0.177014,4336
rl_homogeneous,replayed_at_fixed,122,190.006110,3928.0
rl_homogeneous,recorded_at_scaling,123,0.854376,3904
rl_homogeneous,replayed_at_fixed,123,141.080683,3668.0
rl_homogeneous,recorded_at_scaling,124,3.071341,3360
rl_homogeneous,replayed_at_fixed,124,229.373388,3193.0
rl_homogeneous,recorded_at_scaling,125,1.671897,0
rl_homogeneous,replayed_at_fixed,125,1.729224,0.0
rl_homogeneous,recorded_at_scaling,126,0.731200,0
rl_homogeneous,replayed_at_fixed,126,0.790094,0.0
rl_homogeneous,recorded_at_scaling,127,2.028619,5984
rl_homogeneous,replayed_at_fixed,127,100.503650,5828.0
rl_homogeneous,recorded_at_scaling,128,0.492031,544
rl_homogeneous,replayed_at_fixed,128,0.461809,544.0
rl_homogeneous,recorded_at_scaling,129,1.372617,3392
rl_homogeneous,replayed_at_fixed,129,76.195438,2830.0
rl_homogeneous,recorded_at_scaling,130,0.848418,6208
rl_homogeneous,replayed_at_fixed,130,264.281021,5854.0
rl_homogeneous,recorded_at_scaling,131,1.220092,5616
rl_homogeneous,replayed_at_fixed,131,111.427101,5615.0
rl_homogeneous,recorded_at_scaling,132,0.481609,4704
rl_homogeneous,replayed_at_fixed,132,285.359419,4310.0
rl_homogeneous,recorded_at_scaling,133,1.232444,5728
rl_homogeneous,replayed_at_fixed,133,293.840903,5064.0
rl_homogeneous,recorded_at_scaling,134,0.487420,0
rl_homogeneous,replayed_at_fixed,134,0.455468,0.0
rl_homogeneous,recorded_at_scaling,135,1.470487,4592
rl_homogeneous,replayed_at_fixed,135,201.301637,4274.0
rl_homogeneous,recorded_at_scaling,136,1.101814,0
rl_homogeneous,replayed_at_fixed,136,1.144964,0.0
rl_homogeneous,recorded_at_scaling,137,0.831945,2896
rl_homogeneous,replayed_at_fixed,137,57.925412,2811.0
rl_homogeneous,recorded_at_scaling,138,0.585187,384
rl_homogeneous,replayed_at_fixed,138,0.597581,384.0
rl_homogeneous,recorded_at_scaling,139,0.687993,3360
rl_homogeneous,replayed_at_fixed,139,96.364806,3360.0
rl_homogeneous,recorded_at_scaling,140,1.303303,5424
rl_homogeneous,replayed_at_fixed,140,249.102635,5028.0
rl_homogeneous,recorded_at_scaling,141,0.487015,5600
rl_homogeneous,replayed_at_fixed,141,80.275364,5243.0
rl_homogeneous,recorded_at_scaling,142,1.260608,1696
rl_homogeneous,replayed_at_fixed,142,293.892249,1428.0
rl_homogeneous,recorded_at_scaling,143,0.778554,5264
rl_homogeneous,replayed_at_fixed,143,91.664827,4764.0
rl_homogeneous,recorded_at_scaling,144,1.811868,1840
rl_homogeneous,replayed_at_fixed,144,256.992329,1676.0
rl_homogeneous,recorded_at_scaling,145,1.669169,3392
rl_homogeneous,replayed_at_fixed,145,293.707730,3174.0
rl_homogeneous,recorded_at_scaling,146,1.248799,8208
rl_homogeneous,replayed_at_fixed,146,193.899931,7004.0
rl_homogeneous,recorded_at_scaling,147,-0.214640,0
rl_homogeneous,replayed_at_fixed,147,-0.143205,0.0
rl_homogeneous,recorded_at_scaling,148,1.096701,3360
rl_homogeneous,replayed_at_fixed,148,61.573366,3360.0
rl_homogeneous,recorded_at_scaling,149,1.625136,1664
rl_homogeneous,replayed_at_fixed,149,15.330001,1664.0
rl_homogeneous,recorded_at_scaling,150,2.973676,5360
rl_homogeneous,replayed_at_fixed,150,270.602437,5040.0
rl_homogeneous,recorded_at_scaling,151,1.935627,4432
rl_homogeneous,replayed_at_fixed,151,293.409000,4324.0
rl_homogeneous,recorded_at_scaling,152,0.599423,1680
rl_homogeneous,replayed_at_fixed,152,0.414322,1680.0
rl_homogeneous,recorded_at_scaling,153,1.157908,2032
rl_homogeneous,replayed_at_fixed,153,63.317982,2004.0
rl_homogeneous,recorded_at_scaling,154,3.818548,3024
rl_homogeneous,replayed_at_fixed,154,293.747199,2724.0
rl_homogeneous,recorded_at_scaling,155,0.806692,1824
rl_homogeneous,replayed_at_fixed,155,52.300882,1606.0
rl_homogeneous,recorded_at_scaling,156,0.397661,3360
rl_homogeneous,replayed_at_fixed,156,122.984414,3130.0
rl_homogeneous,recorded_at_scaling,157,1.063510,2032
rl_homogeneous,replayed_at_fixed,157,91.248878,2032.0
rl_homogeneous,recorded_at_scaling,158,1.852279,4480
rl_homogeneous,replayed_at_fixed,158,54.110314,4480.0
rl_homogeneous,recorded_at_scaling,159,-0.154935,4608
rl_homogeneous,replayed_at_fixed,159,280.057750,4517.0
rl_homogeneous,recorded_at_scaling,160,1.719532,576
rl_homogeneous,replayed_at_fixed,160,1.600267,576.0
rl_homogeneous,recorded_at_scaling,161,0.788428,2528
rl_homogeneous,replayed_at_fixed,161,77.079479,2275.0
rl_homogeneous,recorded_at_scaling,162,0.902813,6944
rl_homogeneous,replayed_at_fixed,162,151.382401,6610.0
rl_homogeneous,recorded_at_scaling,163,1.050145,5296
rl_homogeneous,replayed_at_fixed,163,275.299475,4458.0
rl_homogeneous,recorded_at_scaling,164,1.009468,2304
rl_homogeneous,replayed_at_fixed,164,116.977346,2304.0
rl_homogeneous,recorded_at_scaling,165,1.116242,6768
rl_homogeneous,replayed_at_fixed,165,89.762317,6768.0
rl_homogeneous,recorded_at_scaling,166,0.804847,4352
rl_homogeneous,replayed_at_fixed,166,93.754707,4288.0
rl_homogeneous,recorded_at_scaling,167,1.009901,3120
rl_homogeneous,replayed_at_fixed,167,89.385576,2889.0
rl_homogeneous,recorded_at_scaling,168,0.663540,5920
rl_homogeneous,replayed_at_fixed,168,67.867747,5434.0
rl_homogeneous,recorded_at_scaling,169,2.106525,3936
rl_homogeneous,replayed_at_fixed,169,149.919971,3620.0
rl_homogeneous,recorded_at_scaling,170,1.532845,0
rl_homogeneous,replayed_at_fixed,170,1.469555,0.0
rl_homogeneous,recorded_at_scaling,171,1.543604,2288
rl_homogeneous,replayed_at_fixed,171,135.672953,2202.0
rl_homogeneous,recorded_at_scaling,172,0.766332,3104
rl_homogeneous,replayed_at_fixed,172,28.048180,3104.0
rl_homogeneous,recorded_at_scaling,173,1.424225,8288
rl_homogeneous,replayed_at_fixed,173,124.695869,7764.0
rl_homogeneous,recorded_at_scaling,174,0.890807,3840
rl_homogeneous,replayed_at_fixed,174,292.450623,3806.0
rl_homogeneous,recorded_at_scaling,175,2.991470,1808
rl_homogeneous,replayed_at_fixed,175,291.407633,1466.0
rl_homogeneous,recorded_at_scaling,176,1.117142,2480
rl_homogeneous,replayed_at_fixed,176,293.822975,2166.0
rl_homogeneous,recorded_at_scaling,177,0.452931,5200
rl_homogeneous,replayed_at_fixed,177,292.510406,4895.0
rl_homogeneous,recorded_at_scaling,178,0.353623,1248
rl_homogeneous,replayed_at_fixed,178,4.534582,1248.0
rl_homogeneous,recorded_at_scaling,179,1.150813,192
rl_homogeneous,replayed_at_fixed,179,1.144851,192.0
rl_homogeneous,recorded_at_scaling,180,2.320916,3360
rl_homogeneous,replayed_at_fixed,180,73.774295,3288.0
rl_homogeneous,recorded_at_scaling,181,3.387651,2240
rl_homogeneous,replayed_at_fixed,181,293.409544,2118.0
rl_homogeneous,recorded_at_scaling,182,1.667067,0
rl_homogeneous,replayed_at_fixed,182,1.639106,0.0
rl_homogeneous,recorded_at_scaling,183,0.740649,0
rl_homogeneous,replayed_at_fixed,183,0.665437,0.0
rl_homogeneous,recorded_at_scaling,184,1.043015,4960
rl_homogeneous,replayed_at_fixed,184,293.801371,4783.0
rl_homogeneous,recorded_at_scaling,185,1.490479,5968
rl_homogeneous,replayed_at_fixed,185,260.187689,5676.0
rl_homogeneous,recorded_at_scaling,186,2.588910,1536
rl_homogeneous,replayed_at_fixed,186,5.322571,1536.0
rl_homogeneous,recorded_at_scaling,187,0.315900,5408
rl_homogeneous,replayed_at_fixed,187,284.836133,5348.0
rl_homogeneous,recorded_at_scaling,188,0.166890,6496
rl_homogeneous,replayed_at_fixed,188,56.214499,5987.0
rl_homogeneous,recorded_at_scaling,189,1.417212,6912
rl_homogeneous,replayed_at_fixed,189,234.702328,6677.0
rl_homogeneous,recorded_at_scaling,190,0.184535,3744
rl_homogeneous,replayed_at_fixed,190,292.720684,3744.0
rl_homogeneous,recorded_at_scaling,191,0.938444,1808
rl_homogeneous,replayed_at_fixed,191,293.188672,1503.0
rl_homogeneous,recorded_at_scaling,192,1.053040,1728
rl_homogeneous,replayed_at_fixed,192,127.782012,1728.0
rl_homogeneous,recorded_at_scaling,193,0.797048,5296
rl_homogeneous,replayed_at_fixed,193,68.673215,4916.0
rl_homogeneous,recorded_at_scaling,194,1.629495,5360
rl_homogeneous,replayed_at_fixed,194,106.618118,4630.0
rl_homogeneous,recorded_at_scaling,195,1.517282,3840
rl_homogeneous,replayed_at_fixed,195,14.630465,3840.0
rl_homogeneous,recorded_at_scaling,196,2.400291,6608
rl_homogeneous,replayed_at_fixed,196,292.571907,6499.0
rl_homogeneous,recorded_at_scaling,197,1.163401,1648
rl_homogeneous,replayed_at_fixed,197,293.509975,1372.0
rl_homogeneous,recorded_at_scaling,198,1.643803,0
rl_homogeneous,replayed_at_fixed,198,1.672660,0.0
rl_homogeneous,recorded_at_scaling,199,0.327708,1840
rl_homogeneous,replayed_at_fixed,199,148.856409,1762.0
rl_homogeneous,recorded_at_scaling,200,2.862181,1712
rl_homogeneous,replayed_at_fixed,200,25.322538,1712.0
rl_homogeneous,recorded_at_scaling,201,1.368103,2224
rl_homogeneous,replayed_at_fixed,201,60.069015,2185.0
rl_homogeneous,recorded_at_scaling,202,1.236771,7552
rl_homogeneous,replayed_at_fixed,202,142.819352,7462.0
rl_homogeneous,recorded_at_scaling,203,1.879214,768
rl_homogeneous,replayed_at_fixed,203,1.832178,768.0
rl_homogeneous,recorded_at_scaling,204,0.610777,1968
rl_homogeneous,replayed_at_fixed,204,174.544349,1929.0
rl_homogeneous,recorded_at_scaling,205,2.496950,1712
rl_homogeneous,replayed_at_fixed,205,175.919913,1578.0
rl_homogeneous,recorded_at_scaling,206,2.054120,1680
rl_homogeneous,replayed_at_fixed,206,42.237244,1616.0
rl_homogeneous,recorded_at_scaling,207,1.178103,192
rl_homogeneous,replayed_at_fixed,207,0.905811,192.0
rl_homogeneous,recorded_at_scaling,208,0.563182,1776
rl_homogeneous,replayed_at_fixed,208,16.620527,1776.0
rl_homogeneous,recorded_at_scaling,209,1.414634,1152
rl_homogeneous,replayed_at_fixed,209,29.371224,1144.0
rl_homogeneous,recorded_at_scaling,210,0.717890,2032
rl_homogeneous,replayed_at_fixed,210,89.215047,1821.0
rl_homogeneous,recorded_at_scaling,211,0.373710,6496
rl_homogeneous,replayed_at_fixed,211,292.681001,5996.0
rl_homogeneous,recorded_at_scaling,212,1.229308,3584
rl_homogeneous,replayed_at_fixed,212,293.814503,3092.0
rl_homogeneous,recorded_at_scaling,213,2.037674,5328
rl_homogeneous,replayed_at_fixed,213,74.069891,5072.0
rl_homogeneous,recorded_at_scaling,214,1.535835,5120
rl_homogeneous,replayed_at_fixed,214,253.620561,5011.0
rl_homogeneous,recorded_at_scaling,215,3.055098,3680
rl_homogeneous,replayed_at_fixed,215,198.783252,3578.0
rl_homogeneous,recorded_at_scaling,216,1.825514,5216
rl_homogeneous,replayed_at_fixed,216,275.938484,4694.0
rl_homogeneous,recorded_at_scaling,217,1.333110,3680
rl_homogeneous,replayed_at_fixed,217,72.188348,3393.0
rl_homogeneous,recorded_at_scaling,218,1.302082,1648
rl_homogeneous,replayed_at_fixed,218,55.103972,1621.0
rl_homogeneous,recorded_at_scaling,219,0.840048,864
rl_homogeneous,replayed_at_fixed,219,0.866984,864.0
rl_homogeneous,recorded_at_scaling,220,1.392795,4368
rl_homogeneous,replayed_at_fixed,220,293.655299,4058.0
rl_homogeneous,recorded_at_scaling,221,0.590803,2256
rl_homogeneous,replayed_at_fixed,221,43.370161,2112.0
rl_homogeneous,recorded_at_scaling,222,1.496979,0
rl_homogeneous,replayed_at_fixed,222,1.505816,0.0
rl_homogeneous,recorded_at_scaling,223,2.472401,3008
rl_homogeneous,replayed_at_fixed,223,56.821775,2984.0
rl_homogeneous,recorded_at_scaling,224,0.953069,1326
rl_homogeneous,replayed_at_fixed,224,1.224422,1326.0
rl_homogeneous,recorded_at_scaling,225,1.379584,2400
rl_homogeneous,replayed_at_fixed,225,55.822015,2344.0
rl_homogeneous,recorded_at_scaling,226,0.724401,1280
rl_homogeneous,replayed_at_fixed,226,0.658016,1280.0
rl_homogeneous,recorded_at_scaling,227,0.073762,192
rl_homogeneous,replayed_at_fixed,227,0.104150,192.0
rl_homogeneous,recorded_at_scaling,228,0.644820,4352
rl_homogeneous,replayed_at_fixed,228,239.709822,4140.0
rl_homogeneous,recorded_at_scaling,229,0.778041,5168
rl_homogeneous,replayed_at_fixed,229,80.289729,4552.0
rl_homogeneous,recorded_at_scaling,230,0.549121,4976
rl_homogeneous,replayed_at_fixed,230,268.899987,4216.0
rl_homogeneous,recorded_at_scaling,231,1.351485,3232
rl_homogeneous,replayed_at_fixed,231,293.161979,2946.0
rl_homogeneous,recorded_at_scaling,232,1.160246,6112
rl_homogeneous,replayed_at_fixed,232,279.812238,5982.0
rl_homogeneous,recorded_at_scaling,233,0.549700,0
rl_homogeneous,replayed_at_fixed,233,0.566754,0.0
rl_homogeneous,recorded_at_scaling,234,0.539420,1632
rl_homogeneous,replayed_at_fixed,234,36.806011,1550.0
rl_homogeneous,recorded_at_scaling,235,0.445995,2160
rl_homogeneous,replayed_at_fixed,235,293.866824,1768.0
rl_homogeneous,recorded_at_scaling,236,0.586753,896
rl_homogeneous,replayed_at_fixed,236,1.028654,896.0
rl_homogeneous,recorded_at_scaling,237,0.999371,2480
rl_homogeneous,replayed_at_fixed,237,153.735863,2307.0
rl_homogeneous,recorded_at_scaling,238,1.707152,7856
rl_homogeneous,replayed_at_fixed,238,7.886117,7856.0
rl_homogeneous,recorded_at_scaling,239,-0.227690,0
rl_homogeneous,replayed_at_fixed,239,-0.280775,0.0
rl_homogeneous,recorded_at_scaling,240,1.004377,2336
rl_homogeneous,replayed_at_fixed,240,65.398993,2241.0
rl_homogeneous,recorded_at_scaling,241,2.052494,2464
rl_homogeneous,replayed_at_fixed,241,6.293007,2464.0
rl_homogeneous,recorded_at_scaling,242,0.680802,9008
rl_homogeneous,replayed_at_fixed,242,89.556835,8987.0
rl_homogeneous,recorded_at_scaling,243,1.387746,3392
rl_homogeneous,replayed_at_fixed,243,130.498347,3146.0
rl_homogeneous,recorded_at_scaling,244,1.166487,3136
rl_homogeneous,replayed_at_fixed,244,50.591317,3062.0
rl_homogeneous,recorded_at_scaling,245,1.488117,1856
rl_homogeneous,replayed_at_fixed,245,293.188265,1641.0
rl_homogeneous,recorded_at_scaling,246,0.550595,0
rl_homogeneous,replayed_at_fixed,246,0.510060,0.0
rl_homogeneous,recorded_at_scaling,247,0.511182,1632
rl_homogeneous,replayed_at_fixed,247,214.948515,1553.0
rl_homogeneous,recorded_at_scaling,248,1.290656,1616
rl_homogeneous,replayed_at_fixed,248,293.102946,1519.0
rl_homogeneous,recorded_at_scaling,249,1.661994,3264
rl_homogeneous,replayed_at_fixed,249,237.646076,2856.0
rl_homogeneous,recorded_at_scaling,250,1.288134,4704
rl_homogeneous,replayed_at_fixed,250,292.953271,4348.0
rl_homogeneous,recorded_at_scaling,251,1.075546,3744
rl_homogeneous,replayed_at_fixed,251,234.559584,3704.0
rl_homogeneous,recorded_at_scaling,252,2.163333,1680
rl_homogeneous,replayed_at_fixed,252,293.474972,1486.0
rl_homogeneous,recorded_at_scaling,253,0.214472,4784
rl_homogeneous,replayed_at_fixed,253,287.351845,4784.0
rl_homogeneous,recorded_at_scaling,254,1.095106,2208
rl_homogeneous,replayed_at_fixed,254,284.515759,2208.0
rl_homogeneous,recorded_at_scaling,255,2.133640,5632
rl_homogeneous,replayed_at_fixed,255,78.549855,5561.0
rl_homogeneous,recorded_at_scaling,256,1.747433,3488
rl_homogeneous,replayed_at_fixed,256,250.061418,3488.0
rl_homogeneous,recorded_at_scaling,257,0.602550,3840
rl_homogeneous,replayed_at_fixed,257,131.330514,3569.0
rl_homogeneous,recorded_at_scaling,258,1.726399,3040
rl_homogeneous,replayed_at_fixed,258,31.345185,3040.0
rl_homogeneous,recorded_at_scaling,259,0.868132,5328
rl_homogeneous,replayed_at_fixed,259,292.341917,5028.0
rl_homogeneous,recorded_at_scaling,260,0.901423,1840
rl_homogeneous,replayed_at_fixed,260,106.676105,1688.0
rl_homogeneous,recorded_at_scaling,261,1.470414,3968
rl_homogeneous,replayed_at_fixed,261,94.784854,3964.0
rl_homogeneous,recorded_at_scaling,262,1.978471,480
rl_homogeneous,replayed_at_fixed,262,1.991311,480.0
rl_homogeneous,recorded_at_scaling,263,0.846658,7168
rl_homogeneous,replayed_at_fixed,263,80.471339,6978.0
rl_homogeneous,recorded_at_scaling,264,1.420525,3744
rl_homogeneous,replayed_at_fixed,264,7.120950,3744.0
rl_homogeneous,recorded_at_scaling,265,0.542282,1696
rl_homogeneous,replayed_at_fixed,265,293.550123,1479.0
rl_homogeneous,recorded_at_scaling,266,0.965843,2544
rl_homogeneous,replayed_at_fixed,266,64.232193,2526.0
rl_homogeneous,recorded_at_scaling,267,0.682631,6048
rl_homogeneous,replayed_at_fixed,267,130.038651,5968.0
rl_homogeneous,recorded_at_scaling,268,1.851483,3360
rl_homogeneous,replayed_at_fixed,268,292.457338,3166.0
rl_homogeneous,recorded_at_scaling,269,2.035807,4336
rl_homogeneous,replayed_at_fixed,269,282.367582,3862.0
rl_homogeneous,recorded_at_scaling,270,1.244139,1728
rl_homogeneous,replayed_at_fixed,270,257.877090,1588.0
rl_homogeneous,recorded_at_scaling,271,0.576415,5424
rl_homogeneous,replayed_at_fixed,271,290.824358,5102.0
rl_homogeneous,recorded_at_scaling,272,-0.021036,768
rl_homogeneous,replayed_at_fixed,272,-0.050542,768.0
rl_homogeneous,recorded_at_scaling,273,0.755515,3424
rl_homogeneous,replayed_at_fixed,273,98.062398,2914.0
rl_homogeneous,recorded_at_scaling,274,1.590686,2512
rl_homogeneous,replayed_at_fixed,274,285.129857,2384.0
rl_homogeneous,recorded_at_scaling,275,0.727242,1216
rl_homogeneous,replayed_at_fixed,275,4.721515,1216.0
rl_homogeneous,recorded_at_scaling,276,0.886589,3488
rl_homogeneous,replayed_at_fixed,276,291.482074,3394.0
rl_homogeneous,recorded_at_scaling,277,0.479017,3488
rl_homogeneous,replayed_at_fixed,277,54.598828,3140.0
rl_homogeneous,recorded_at_scaling,278,2.942385,1632
rl_homogeneous,replayed_at_fixed,278,91.341113,1485.0
rl_homogeneous,recorded_at_scaling,279,1.322296,2048
rl_homogeneous,replayed_at_fixed,279,59.602553,1981.0
rl_homogeneous,recorded_at_scaling,280,0.750830,3648
rl_homogeneous,replayed_at_fixed,280,293.666003,3515.0
rl_homogeneous,recorded_at_scaling,281,1.334894,384
rl_homogeneous,replayed_at_fixed,281,1.139910,384.0
rl_homogeneous,recorded_at_scaling,282,4.862066,5440
rl_homogeneous,replayed_at_fixed,282,124.638349,5412.0
rl_homogeneous,recorded_at_scaling,283,1.607816,1616
rl_homogeneous,replayed_at_fixed,283,292.360020,1503.0
rl_homogeneous,recorded_at_scaling,284,1.310391,2400
rl_homogeneous,replayed_at_fixed,284,127.278597,2376.0
rl_homogeneous,recorded_at_scaling,285,0.492164,1648
rl_homogeneous,replayed_at_fixed,285,139.334413,1595.0
rl_homogeneous,recorded_at_scaling,286,2.118102,5152
rl_homogeneous,replayed_at_fixed,286,51.385327,4783.0
rl_homogeneous,recorded_at_scaling,287,1.341747,7872
rl_homogeneous,replayed_at_fixed,287,105.562234,7484.0
rl_homogeneous,recorded_at_scaling,288,1.409899,608
rl_homogeneous,replayed_at_fixed,288,1.378114,608.0
rl_homogeneous,recorded_at_scaling,289,1.222196,2320
rl_homogeneous,replayed_at_fixed,289,126.959924,2317.0
rl_homogeneous,recorded_at_scaling,290,0.465107,5072
rl_homogeneous,replayed_at_fixed,290,293.850945,4656.0
rl_homogeneous,recorded_at_scaling,291,1.365259,1728
rl_homogeneous,replayed_at_fixed,291,69.447436,1388.0
rl_homogeneous,recorded_at_scaling,292,1.455407,2448
rl_homogeneous,replayed_at_fixed,292,292.101407,2311.0
rl_homogeneous,recorded_at_scaling,293,2.842084,1312
rl_homogeneous,replayed_at_fixed,293,33.808161,1312.0
rl_homogeneous,recorded_at_scaling,294,1.837483,2377
rl_homogeneous,replayed_at_fixed,294,70.398432,2198.0
rl_homogeneous,recorded_at_scaling,295,1.454473,3424
rl_homogeneous,replayed_at_fixed,295,279.906076,3158.0
rl_homogeneous,recorded_at_scaling,296,1.609859,5760
rl_homogeneous,replayed_at_fixed,296,164.889070,5638.0
rl_homogeneous,recorded_at_scaling,297,2.449387,3408
rl_homogeneous,replayed_at_fixed,297,106.877394,3406.0
rl_homogeneous,recorded_at_scaling,298,0.843784,3872
rl_homogeneous,replayed_at_fixed,298,236.162658,3818.0
rl_homogeneous,recorded_at_scaling,299,0.822692,5136
rl_homogeneous,replayed_at_fixed,299,109.811709,4896.0
rl_homogeneous,recorded_at_scaling,300,0.922955,1664
rl_homogeneous,replayed_at_fixed,300,64.236311,1568.0
